Sensor 1,Sensor 2,Sensor 3,Sensor 4,Sensor 5,Sensor 6
0,4012,0,2531,8374,11960
0,3982,0,2438,8776,12280
0,3956,0,2582,8880,12012
0,3844,0,1879,8864,11851
0,4044,0,2492,8904,12247
0,4234,0,2277,8965,12177
0,4141,0,2624,8833,12014
0,4019,0,2894,8871,12514
0,3706,0,2786,8961,11802
0,3960,0,2192,9031,12404
0,4265,0,2786,9106,12352
0,4100,0,2584,8864,12005
0,3920,0,2322,8877,12385
0,4241,0,2515,8790,12120
0,5013,0,2316,8879,12169
0,4332,0,2808,8938,12158
0,4605,0,2754,8848,11992
0,4333,0,2431,8152,12237
0,4176,0,2352,8576,12303
0,4183,0,2298,8466,12389
0,4160,0,2322,8840,12564
0,4143,0,2549,9133,12139
0,1961,0,2805,9082,12065
0,4019,0,2463,9014,12338
0,3609,0,2241,9084,12020
0,4133,0,2527,9368,11990
0,4160,0,2717,9109,12392
0,3823,0,3052,8828,12400
0,4120,0,2372,9025,11965
0,3938,0,2105,9015,12238
0,3963,0,2557,8657,12048
0,3904,0,2324,9050,12269
0,4210,0,1093,9186,12934
0,4044,0,2530,8512,12129
0,4132,0,2856,9170,12290
0,3777,0,2497,9383,12175
0,3805,0,2420,9167,12202
0,4582,0,2888,9054,12197
0,4038,0,2379,8881,12160
0,3721,0,2625,9036,11792
0,3983,0,2401,8897,12221
0,4212,0,2558,9200,12276
0,4160,0,2569,8966,11828
0,4390,0,2558,8992,12147
0,4106,0,2681,9334,12132
0,4372,0,2804,8996,12533
0,4211,0,3204,8640,12107
0,4625,0,2452,8900,12284
0,4288,0,2292,8960,12040
0,3882,0,2339,8983,12459
0,4011,0,2323,9282,12297
0,3784,0,2266,8924,12326
0,3687,0,3068,8362,12253
0,4100,0,2677,8858,12911
0,3950,0,2596,8798,12100
0,3825,0,1720,8864,12385
0,3937,0,2389,9051,12218
0,4255,0,2472,8703,12050
0,4968,0,2549,8601,12196
0,4493,0,2846,9024,11794
0,4301,0,2823,8967,12612
0,3944,0,2787,8817,12438
0,4247,0,2332,9116,12424
0,4140,0,2345,8915,12080
0,3962,0,2713,9261,12042
0,4032,0,2624,8732,12041
0,4176,0,2640,8916,12124
0,4160,0,2649,9035,11998
0,3838,0,2193,8771,12338
0,4032,0,2341,8961,11853
0,4225,0,2549,9014,12208
0,3918,0,2482,9207,12202
0,3860,0,2261,9168,12490
0,3816,0,2360,9229,12125
0,3305,0,2319,8943,11936
0,3835,0,2364,8897,12473
0,4114,0,2829,9010,11941
0,3666,0,2210,9012,12305
0,3732,0,2696,8860,11926
0,4078,0,2820,9009,11985
0,3790,0,2447,9188,12124
0,3731,0,2424,9084,12236
0,3922,0,2380,8541,12204
0,3904,0,2673,8680,12127
0,3702,0,2151,8953,12325
0,4241,0,2521,9024,12000
0,4545,0,2753,8893,12016
0,3955,0,2752,8843,11893
0,4170,0,2935,8900,12004
0,3813,0,2488,9109,11981
0,3651,0,2496,8854,12494
0,4304,0,2412,8687,11280
0,3601,0,2256,8864,12135
0,3408,0,2502,8839,12151
0,3766,0,2590,8730,12107
0,3856,0,2806,9141,13004
0,3791,0,2775,8920,12309
0,3671,0,1602,9015,12367
0,3809,0,2656,8949,11893
0,4218,0,2539,8728,12134
0,4493,0,2496,8846,12290
0,3753,0,2268,9082,12354
0,4416,0,2645,9136,11787
0,4290,0,2634,9224,12119
0,4219,0,2822,8982,12642
0,3792,0,2389,8827,12136
0,3998,0,2104,8956,12634
0,3878,0,2283,8959,12343
0,4130,0,2736,8918,13243
0,3931,0,2709,8929,11933
0,3961,0,2420,9249,12397
0,3888,0,2884,8886,12094
0,3781,0,2654,8738,12117
0,4091,0,2132,8774,11797
0,3746,0,2255,8773,12480
0,4071,0,2773,8965,12261
0,3714,0,2323,9037,12293
0,3965,0,2744,9180,11881
0,4220,0,2431,9146,12200
0,4075,0,2666,9219,12115
0,4066,0,2642,9418,12141
0,3756,0,2468,9289,12171
0,3406,0,2463,8741,11858
0,3758,0,2360,9310,12216
0,3744,0,2809,8934,12212
0,3450,0,2502,8890,12125
0,3502,0,2717,9121,12173
0,3908,0,2391,9130,12496
0,3183,0,2380,8818,12080
0,3678,0,2702,8884,12415
0,3959,0,2737,8902,11792
0,4032,0,2710,8934,12041
0,3727,0,2466,9184,12254
0,3493,0,2431,8871,12270
0,3709,0,2336,9404,12364
0,3964,0,2579,9166,12149
0,3750,0,2408,9286,12189
0,3938,0,2815,9001,11980
0,3927,0,2566,9069,12123
0,3686,0,2565,9346,12182
0,3869,0,2432,8694,12177
0,3580,0,2568,8797,11084
0,3583,0,2214,9075,12432
0,4087,0,2640,9208,12153
0,3542,0,2152,9045,12305
0,3735,0,2954,8820,12006
0,3549,0,2229,8776,12352
0,3448,0,2918,8857,12345
0,3504,0,2212,8908,11619
0,3909,0,2756,8818,12084
0,3618,0,2691,8877,11899
0,3776,0,2634,8926,12006
0,3777,0,2709,9050,11926
0,3986,0,4113,8848,12463
0,3504,0,2825,8911,12428
0,4351,0,2526,9275,12308
0,3839,0,2803,8887,11748
0,3810,0,2567,9032,12085
0,3408,0,2345,8973,12064
0,3963,0,2704,9105,12864
0,3897,0,2377,8735,12237
0,3469,0,2659,8893,12323
0,3974,0,2650,8927,12358
0,3801,0,2558,8437,12014
0,4400,0,2910,9077,12060
0,3777,0,2678,9033,12057
0,3695,0,2449,9071,12271
0,3804,0,2701,9046,12140
0,3861,0,2408,9179,11929
0,3445,0,2025,9004,12156
0,3642,0,2568,8718,12068
0,6402,0,2433,9278,12173
0,3727,0,1870,8803,12305
0,4083,0,2506,8841,12131
0,3706,0,2586,8875,12027
0,3319,0,2441,9448,12000
0,3821,0,2815,9145,12928
0,3817,0,2632,9131,12040
0,4193,0,2673,9219,12046
0,3812,0,2580,9262,12169
0,3739,0,2285,9108,12808
0,3346,0,2284,8969,12347
0,3457,0,2449,9234,11958
0,3466,0,2504,8708,12172
0,3524,0,2633,8880,12489
0,3692,0,2392,9320,12243
0,3745,0,2601,9117,12084
0,3449,0,1596,9010,12381
0,3489,0,2636,8806,11914
0,3395,0,2656,8772,12116
0,3622,0,2275,8728,11772
0,3718,0,2564,9244,12259
0,3860,0,2552,8772,12186
0,3820,0,2476,8901,12170
0,3120,0,2393,9079,12199
0,3347,0,2284,8796,11783
0,3175,0,2486,8888,12179
0,3349,0,2880,8753,12196
0,3531,0,2857,8956,11929
0,3272,0,2592,8611,11937
0,3588,0,1592,9272,12378
0,3489,0,2313,9175,12228
0,3322,0,2253,8877,12392
0,3666,0,2670,9184,12720
0,3160,0,2405,8703,12128
0,3496,0,2396,8878,12322
0,3428,0,2341,9401,12255
0,3810,0,2489,9172,12164
0,3980,0,2080,8928,12415
0,4059,0,2864,8934,12848
0,4105,0,2840,8297,12171
0,3880,0,3474,8761,11965
0,3557,0,2343,8867,12444
0,3741,0,2890,9024,11968
0,3821,0,2491,8840,12161
0,3309,0,3086,8959,12363
0,3458,0,2308,8944,12496
0,3421,0,2178,8885,12446
0,3720,0,2789,8994,12007
0,3427,0,2450,9730,12050
0,3648,0,2613,8816,12080
0,3162,0,2357,8808,12197
0,3350,0,2392,8936,11900
0,3761,0,2612,8968,11867
0,3829,0,2638,8858,11921
0,3672,0,2369,8949,12252
0,3580,0,2341,8917,12161
0,3832,0,2928,8889,12112
0,3826,0,2128,9302,12196
0,3579,0,1567,8958,12469
0,3704,0,2712,8890,12203
0,3504,0,2584,8952,12224
0,3812,0,2771,8844,13012
0,3743,0,2527,9048,12111
0,4345,0,2476,8810,12076
0,3657,0,2712,9261,12058
0,3582,0,2612,8974,11841
0,2632,0,2426,9258,12181
0,3786,0,2720,8899,11906
0,3416,0,2441,9164,11695
0,3416,0,2523,8741,12086
0,3461,0,2315,9543,12408
0,3717,0,2230,9142,12089
0,3241,0,2426,8349,12513
0,3737,0,3008,9184,12154
0,3408,0,2525,8664,12115
0,3195,0,2554,9125,11982
0,3563,0,2808,9002,11944
0,3544,0,2756,8902,11954
0,3994,0,2269,9071,12457
0,3583,0,2522,8888,12252
0,3693,0,2544,9081,12137
0,3520,0,2570,9218,12126
0,3270,0,2149,8896,12453
0,3184,0,2952,8514,12284
0,3278,0,2666,8975,11946
0,3108,0,2357,8999,12292
0,3268,0,2601,8906,11978
0,3170,0,2432,8972,12268
0,3241,0,2510,9091,12336
0,3541,0,2621,9166,12209
0,2658,0,2389,9164,11974
0,3119,0,2457,8914,12224
0,3334,0,2637,8897,11979
0,3145,0,2667,8855,11767
0,3539,0,2479,9032,12084
0,3369,0,2819,9061,12168
0,3089,0,2373,8960,12335
0,3463,0,2738,8890,12364
0,3198,0,2675,8648,12105
0,3441,0,2409,8536,12197
0,3483,0,2506,9064,12103
0,3163,0,2359,9160,12252
0,3204,0,2410,9305,12279
0,3376,0,2799,9073,12334
0,3020,0,1989,8976,12136
0,3194,0,2542,8965,11892
0,3025,0,2218,9023,12331
0,3217,0,2837,8911,11989
0,3010,0,2026,8916,12505
0,3831,0,2902,9095,12628
0,3838,0,2511,8788,12127
0,4662,0,2640,8746,12163
0,2981,0,2396,8932,12262
0,3779,0,2491,8583,12150
0,3672,0,2394,8971,12321
0,4100,0,2232,9216,12271
0,3558,0,2262,9205,12307
0,3540,0,2509,9427,12316
0,4104,0,2137,9047,12389
0,3515,0,2596,9334,12360
0,3752,0,2809,8830,12188
0,3610,0,2746,9136,12051
0,3846,0,2445,9228,12283
0,3274,0,2674,8866,11865
0,3770,0,2653,9010,12013
0,3562,0,1730,8991,12229
0,3639,0,2306,9408,12282
0,3735,0,2770,9132,13120
0,3361,0,2552,8839,12342
0,4145,0,2780,9049,11887
0,3600,0,2152,9212,12264
0,4172,0,3392,8980,12060
0,3909,0,2808,9124,12133
0,3444,0,2670,8909,11844
0,3439,0,3217,8934,12576
0,3776,0,2852,8996,12024
0,3386,0,2492,8759,11549
0,3484,0,2448,9045,12340
0,3640,0,2696,8316,12556
0,3839,0,2763,8954,12878
0,4255,0,2426,8703,12333
0,3424,0,2516,8808,12102
0,3721,0,2691,9151,12170
0,3264,0,2300,9071,12279
0,3504,0,1537,9914,12053
0,3904,0,2387,8775,12189
0,3909,0,2736,9109,12919
0,3733,0,2485,8673,12087
0,3429,0,2882,9047,12676
0,3497,0,2612,8740,12053
0,3776,0,2500,9262,12062
0,3355,0,2680,8824,12471
0,3862,0,2171,8902,12036
0,3477,0,2626,9433,12049
0,4091,0,2563,8757,11761
0,3545,0,2725,8661,12145
0,3567,0,2743,8871,11377
0,3444,0,2219,8876,12233
0,3620,0,2624,9155,12189
0,3712,0,2503,9085,12092
0,3500,0,2464,8989,12188
0,4179,0,2651,8712,12068
0,3408,0,2415,8736,11685
0,3347,0,2363,9178,12265
0,3949,0,2510,9257,12102
0,3832,0,2482,6805,12228
0,3672,0,2744,8878,12040
0,4067,0,2540,8634,12287
0,3677,0,2536,8446,12132
0,3653,0,2342,9012,12376
0,3672,0,2742,9024,12006
0,3791,0,2674,9097,12083
0,3512,0,2530,8734,12058
0,3634,0,2762,8968,12397
0,3973,0,2907,8991,12227
0,3853,0,2693,8992,11962
0,2870,0,2640,8839,11594
0,3700,0,2410,8818,12404
0,4042,0,2699,8684,12238
0,4350,0,2465,8772,12233
0,3673,0,2647,9989,12105
0,3920,0,2869,9157,12033
0,2615,0,2410,9280,12314
0,4094,0,2484,8873,12890
0,4021,0,2578,9192,12075
0,3984,0,2762,8650,11962
0,3888,0,2368,9051,12438
0,3467,0,1905,8791,12302
0,3785,0,2413,9064,12410
0,3794,0,2749,8939,12123
0,3629,0,2570,8850,12008
0,3410,0,2481,9036,11875
0,3638,0,2296,9105,12048
0,3392,0,2768,9098,11661
0,2959,0,2484,9199,12187
0,3730,0,2656,8866,11964
0,3613,0,2664,10454,12033
0,3440,0,3560,8800,12137
0,3726,0,2744,8970,11995
0,3332,0,2642,10027,11880
0,3708,0,2683,8939,11887
0,3500,0,2562,9957,12096
0,3449,0,2354,9256,12187
0,3305,0,2504,8653,12021
0,3415,0,2328,8853,14306
0,3373,0,2627,8703,12299
0,3103,0,4885,8892,12309
0,3616,0,2745,9051,11904
0,3606,0,2466,8742,12244
0,3258,0,2325,8933,12356
0,3191,0,2454,8849,12168
0,3648,0,2576,9021,11880
0,3495,0,2473,9122,12227
0,3496,0,1960,8947,11990
0,3580,0,2759,9125,12028
0,3571,0,2688,8856,11378
0,3757,0,2579,8880,11974
0,3337,0,2496,8858,12195
0,3954,0,2695,9001,11978
0,3837,0,2596,9133,12373
0,3387,0,1712,9073,12308
0,5025,0,2592,9122,12122
0,3858,0,2577,9248,12151
0,3240,0,2324,8999,12329
0,3428,0,1802,8721,12067
0,3348,0,2276,8973,12465
0,3404,0,2389,8920,12361
0,3577,0,2411,9037,12197
0,3576,0,3243,8812,12557
0,3473,0,2298,8829,12446
0,3909,0,2596,9221,12227
0,3876,0,2649,8840,12143
0,4225,0,2870,9289,12096
0,3690,0,2349,9028,12320
0,4032,0,2636,9093,12155
0,4119,0,2644,9194,12226
0,3646,0,2681,8781,11799
0,3664,0,2712,9616,12077
0,3906,0,2406,8399,12355
0,3938,0,2498,9254,12276
0,3528,0,2497,9146,11596
0,3552,0,2581,10393,12541
0,3530,0,2501,9334,12241
0,3638,0,2473,8669,12152
0,3670,0,3185,8729,12247
0,3754,0,2070,9356,12425
0,3683,0,2293,8925,12480
0,4020,0,2710,9046,11857
0,4371,0,2473,9249,12159
0,3628,0,2700,8907,12339
0,4081,0,2207,8757,12162
0,3659,0,2577,8682,11673
0,4182,0,2556,9082,12809
0,3692,0,3317,9228,12428
0,3008,0,2385,9200,12239
0,3993,0,2586,9221,12113
0,3904,0,2548,9125,12126
0,3997,0,2681,9019,12484
0,3820,0,2696,9087,11843
0,4592,0,1034,8945,12239
0,4495,0,3081,8745,12202
0,3760,0,2401,9470,12381
0,4136,0,2598,9185,12242
0,3592,0,2234,8988,12381
0,3768,0,2449,8780,12145
0,4082,0,2482,8016,12217
0,3611,0,2294,9022,12336
0,4125,0,2888,9158,12184
0,3764,0,2536,9624,12321
0,3520,0,2441,8788,12046
0,3608,0,2735,9700,12012
0,3601,0,2588,9112,11999
0,3741,0,2523,9246,12112
0,3584,0,3416,8976,12436
0,3562,0,2652,8915,12217
0,4016,0,2460,9171,12432
0,3738,0,2259,8913,11967
0,3845,0,2349,8993,12410
0,3995,0,2787,9111,12536
0,3701,0,2415,9175,11957
0,4225,0,2595,9169,12205
0,3837,0,2112,9075,12324
0,4138,0,2563,9282,11993
0,3888,0,2940,9094,12043
0,3829,0,2203,9007,12437
0,3617,0,3314,8859,12458
0,3559,0,2228,8909,12287
0,3858,0,2497,8414,12105
0,3977,0,2368,9113,11929
0,3945,0,2476,9190,12109
0,3700,0,2518,9364,12085
0,3238,0,1142,9195,11998
0,2992,0,2689,9543,11581
0,3477,0,2371,8869,12272
0,3686,0,2647,9042,11975
0,3553,0,2680,8838,12430
0,3824,0,2605,8851,12035
0,3510,0,2022,8937,12419
0,3957,0,2593,9175,12059
0,3842,0,2843,9030,11762
0,3914,0,2693,9480,12246
0,3745,0,2477,9216,12228
0,3736,0,2616,9005,11901
0,3833,0,2590,9301,12070
0,3710,0,2445,9141,12361
0,3652,0,2501,9424,11997
0,3768,0,2569,9249,12179
0,4057,0,2005,9055,11960
0,3284,0,3070,8924,11882
0,3809,0,2504,8938,11878
0,3967,0,2882,9105,12126
0,3825,0,2596,8887,12047
0,4369,0,2833,9222,12125
0,4006,0,1800,9081,12373
0,3236,0,2497,8804,12219
0,4002,0,2724,8864,11932
0,4456,0,2817,9120,12219
0,3832,0,2496,9409,12312
0,3837,0,2845,9225,11883
0,4013,0,2352,8464,12182
0,3868,0,2586,8756,12329
0,3700,0,2404,8823,12164
0,3628,0,2045,9033,12399
0,3481,0,2289,8922,12247
0,3904,0,2719,8951,11869
0,3575,0,2816,8855,11797
0,3694,0,2561,8654,12152
0,3485,0,2228,8910,12391
0,3653,0,2317,9024,13416
0,4068,0,2497,8995,12245
0,3917,0,2449,9057,12048
0,3932,0,2441,9089,12554
0,3768,0,2658,9052,11957
0,3816,0,2432,9151,12306
0,4013,0,2504,8331,12188
0,3600,0,2420,8926,11917
0,3586,0,2613,8740,12098
0,3928,0,2803,9010,12260
0,3616,0,2738,8895,11892
0,3598,0,2531,9157,12048
0,3373,0,3088,8927,12197
0,3935,0,2498,9064,11997
0,3884,0,2727,8808,11920
0,3526,0,1741,9028,12261
0,3648,0,2418,9469,12053
0,3541,0,2160,8932,12400
0,3964,0,2581,9215,12110
0,3906,0,2489,9233,12108
0,3882,0,2602,9443,12041
0,3624,0,2430,9295,12250
0,3700,0,2539,8958,12292
0,3319,0,2462,8782,12168
0,4152,0,2547,9178,12145
0,3944,0,2737,9056,12361
0,3984,0,2858,8570,12261
0,3400,0,2505,8864,12444
0,3770,0,2741,9094,13122
0,3652,0,2533,8649,12193
0,3768,0,2691,9004,12246
0,3820,0,2527,8716,12228
0,4036,0,2526,8796,12146
0,3635,0,2469,9144,12387
0,3705,0,2585,9018,11962
0,3306,0,2909,8872,12375
0,3344,0,2426,8795,12261
0,3477,0,2544,8655,12076
0,3688,0,2575,9105,12173
0,3748,0,2637,8998,13032
0,3473,0,2479,8740,12086
0,3114,0,2549,8683,11601
0,3520,0,2275,8598,12457
0,4166,0,2526,9269,12166
0,3931,0,2542,8800,12229
0,3982,0,2716,9000,11888
0,3981,0,1472,9208,12326
0,3944,0,2121,8980,11314
0,3665,0,2608,8652,11868
0,3658,0,2664,8791,12024
0,3793,0,2760,8985,11894
0,3740,0,2416,9280,12194
0,4061,0,2365,8905,12426
0,3756,0,2483,8897,12345
0,3804,0,2626,8528,12032
0,4033,0,2694,9113,12178
0,3688,0,2368,8728,12193
0,3803,0,2632,8977,12796
0,4109,0,2821,8920,12166
0,3641,0,2499,8765,12063
0,3531,0,2452,8901,12344
0,3936,0,2496,9165,12113
0,3670,0,965,9016,12315
0,3939,0,2496,8728,12409
0,3857,0,2673,8997,12017
0,3418,0,2457,8884,12408
0,3684,0,2371,8712,12352
0,3578,0,2665,9089,11990
0,3747,0,2729,8857,11964
0,3681,0,2464,9221,12370
0,3872,0,2178,9252,12246
0,4175,0,2511,8802,12201
0,2486,0,2564,8610,11813
0,3592,0,2593,8927,11880
0,3633,0,2811,9019,11845
0,3484,0,2222,8800,12406
0,3610,0,2369,9182,12246
0,3626,0,2582,8856,11687
0,3728,0,2301,8909,12372
0,3744,0,2465,9070,11910
0,3537,0,2188,8788,12426
0,3750,0,2352,9204,12105
0,3538,0,2649,8938,12476
0,3728,0,2730,8968,12726
0,3449,0,2299,8884,12416
0,3374,0,2548,8402,12008
0,3488,0,2466,9153,12006
0,3562,0,1738,8804,12106
0,3862,0,2488,8900,12106
0,3293,0,2615,8944,11881
0,3684,0,2736,9086,12608
0,3412,0,2570,8651,12150
0,3186,0,2584,8895,12362
0,3372,0,2667,8954,12297
0,3488,0,2492,8809,12192
0,3632,0,2368,9319,12206
0,4074,0,2554,8992,11949
0,4218,0,2757,8953,13193
0,3925,0,2357,9326,12311
0,3094,0,2626,9692,12192
0,4004,0,2906,9173,11775
0,3825,0,2914,9121,11992
0,3749,0,2460,9170,12353
0,3552,0,2450,9220,12207
0,3632,0,2768,8831,11938
0,3049,0,2470,9162,11969
0,3745,0,2812,9029,12176
0,3628,0,3388,9107,12168
0,3905,0,2410,9199,12236
0,3573,0,2566,9405,12198
0,3233,0,2412,8822,12266
0,3468,0,2268,8336,12410
0,3216,0,2880,8848,12401
0,3553,0,2394,9028,12417
0,3478,0,2627,8790,12131
0,3511,0,2389,9272,12200
0,3397,0,3245,8755,12465
0,3584,0,2300,9068,12052
0,3546,0,2739,9300,12314
0,3567,0,2609,9252,12160
0,3422,0,2362,9150,12343
0,3756,0,2744,8916,12213
0,3826,0,2809,9120,12188
0,3546,0,2376,9209,12306
0,3624,0,2445,9053,11934
0,3531,0,2332,9026,12422
0,3397,0,2465,9126,12266
0,3327,0,2188,8479,12432
0,3602,0,2692,8821,12124
0,3520,0,2575,9734,12367
0,3438,0,2423,9197,12205
0,3656,0,2405,9156,12028
0,3325,0,2337,9061,12352
0,3746,0,2664,9096,12177
0,3632,0,2409,9266,12448
0,3499,0,2629,9227,12113
0,3326,0,2350,9281,12136
0,3570,0,2752,7802,12026
0,3467,0,2563,9100,12136
0,3673,0,2396,9238,12178
0,3078,0,2315,9159,12176
0,3814,0,2392,8948,11942
0,3510,0,2220,9135,12365
0,2665,0,2417,9205,12026
0,3586,0,2786,8983,12018
0,3348,0,2394,9098,12436
0,3280,0,2684,9205,11907
0,3417,0,2610,9372,12077
0,3585,0,2438,8720,12075
0,3248,0,2093,9111,12297
0,3604,0,2771,8824,12847
0,3218,0,2468,8903,11792
0,3365,0,2230,9012,12332
0,3573,0,2744,8958,12073
0,3759,0,2263,9150,12424
0,4112,0,2913,9072,12906
0,4056,0,1822,9094,12118
0,3532,0,2359,8813,12135
0,3770,0,2399,9269,12151
0,3864,0,2848,9079,12264
0,3617,0,2458,9042,11840
0,3799,0,2457,8772,12256
0,3249,0,2726,8808,12180
0,3274,0,2489,8809,11333
0,4032,0,2699,8309,13096
0,3491,0,3016,8869,12503
0,3574,0,2521,9154,12182
0,3832,0,2474,9249,12233
0,3863,0,2458,9234,12160
0,4014,0,2349,8749,12384
0,3565,0,2256,8950,12439
0,3543,0,2695,8795,12528
0,3364,0,3421,8769,12472
0,3376,0,3496,8930,12376
0,3754,0,2408,9104,12333
0,3635,0,2301,7916,12455
0,3653,0,2527,8893,12050
0,3525,0,2487,9145,11440
0,3770,0,2553,9271,12417
0,3771,0,2748,9190,12925
0,3408,0,2557,8975,12268
0,3705,0,2719,9218,11918
0,3536,0,2352,9117,12218
0,3817,0,2427,9006,12215
0,3656,0,2490,8890,12571
0,3710,0,2384,8755,12346
0,3736,0,2466,8877,12174
0,3344,0,2430,8766,12125
0,3521,0,2382,8780,12200
0,3713,0,2580,9587,12093
0,3560,0,2270,8906,12423
0,3944,0,2834,9036,12125
0,3778,0,2659,8858,11893
0,3793,0,2849,8951,12219
0,3658,0,2431,9346,12229
0,3275,0,2284,8897,12124
0,3765,0,2249,9140,12064
0,3392,0,2263,10692,12428
0,3796,0,2217,9086,12192
0,3324,0,2515,9146,11792
0,3556,0,2719,9433,11809
0,2954,0,2382,8873,11820
0,4092,0,2480,9252,12184
0,3232,0,2354,8891,12232
0,4590,0,2486,8953,12329
0,4370,0,2755,9201,12128
0,3839,0,2738,8954,13064
0,3342,0,2346,8981,12431
0,4072,0,2496,9181,12189
0,3679,0,2944,8410,12435
0,3729,0,2753,8864,11900
0,4008,0,2642,8811,11349
0,3776,0,2154,8482,12151
0,3648,0,3685,8894,12368
0,4052,0,2779,9144,11844
0,4044,0,2652,8976,11942
0,3789,0,2569,9294,12193
0,3535,0,2466,8830,12204
0,3835,0,2441,8746,12570
0,3802,0,2525,8864,12350
0,4138,0,2821,9229,12096
0,3785,0,2222,8859,12522
0,3455,0,2900,8865,12315
0,3423,0,2294,8924,12334
0,3732,0,2467,8774,12266
0,4202,0,2524,9220,12152
0,4250,0,2572,9109,12150
0,4040,0,2733,9051,11989
0,4041,0,2850,9076,12104
0,3593,0,2934,8822,12429
0,4042,0,2494,8728,12256
0,3993,0,2824,9115,12184
0,4538,0,2556,9194,12100
0,4448,0,2703,8825,11817
0,3777,0,2615,8806,12024
0,3704,0,2282,9408,12292
0,4137,0,2098,9320,12305
0,4077,0,2830,9131,12391
0,4062,0,2652,9072,12147
0,3415,0,2393,8919,13468
0,3470,0,2730,9122,11917
0,3521,0,2172,9026,12410
0,4096,0,2584,9169,12189
0,4077,0,2786,9045,12127
0,4456,0,2096,9317,12212
0,4254,0,2602,9289,12061
0,4180,0,2289,9148,15403
0,3809,0,3642,9387,12268
0,3573,0,2358,9076,11765
0,3199,0,2569,9041,12119
0,3832,0,2908,9099,12242
0,3735,0,2440,9280,12210
0,3892,0,2292,9387,11808
0,4238,0,2761,9235,12239
0,3751,0,2708,9117,12140
0,3676,0,2304,8897,12585
0,3684,0,1626,9129,12356
0,3650,0,2314,9051,12431
0,3733,0,2109,9006,12096
0,3716,0,2744,9120,11859
0,3623,0,2565,9090,12332
0,3652,0,2838,7507,12345
0,3873,0,2210,9097,12138
0,3987,0,2536,9057,12206
0,3531,0,2462,9133,12312
0,3464,0,2351,8935,11518
0,4344,0,2624,9032,11809
0,3796,0,2321,8878,11553
0,4043,0,2594,8848,12240
0,4060,0,2755,8865,11946
0,4034,0,2517,8866,12308
0,3869,0,2630,8953,11900
0,3741,0,2590,9350,12020
0,3664,0,2548,8924,12125
0,3537,0,2390,8940,12456
0,3859,0,2626,9203,12056
0,4048,0,2786,8975,13113
0,3910,0,2676,8971,11956
0,4059,0,2500,8852,12074
0,4208,0,2404,9270,12321
0,3696,0,2234,9107,12471
0,4024,0,2740,9087,12054
0,3982,0,2564,8791,11992
0,3610,0,2513,8739,12302
0,3593,0,2465,9130,12349
0,3466,0,2342,9086,12226
0,3367,0,2458,8784,12052
0,3502,0,2604,8782,11950
0,3873,0,2836,9222,12240
0,4001,0,2711,9029,11994
0,4148,0,2496,9057,11143
0,3748,0,2642,8627,12443
0,2950,0,2739,9110,11727
0,3624,0,3247,8942,12425
0,3923,0,2605,8980,11996
0,3509,0,2315,8638,12092
0,2860,0,2301,9232,12042
0,3931,0,2719,9196,11508
0,4095,0,2664,8766,12223
0,4067,0,2649,9115,12272
0,4208,0,2761,9019,11970
0,4107,0,2792,8910,11967
0,3754,0,2368,9098,12428
0,3908,0,2848,9158,12992
0,3780,0,2250,8984,12508
0,3753,0,2432,8857,12122
0,3576,0,2428,9264,12216
0,3736,0,2627,9520,12116
0,3995,0,2824,9066,12013
0,3834,0,2738,8693,11888
0,3789,0,2482,8950,12169
0,3752,0,2594,9564,12077
0,3603,0,2249,8920,12386
0,3525,0,2691,9102,12466
0,3894,0,2486,9135,12230
0,3458,0,2144,8947,12354
0,4053,0,2407,9151,12214
0,4100,0,2295,8917,12416
0,4160,0,2254,9039,12448
0,4402,0,2537,9193,12404
0,3931,0,2527,9200,12030
0,4103,0,2508,9424,12229
0,3713,0,2448,8981,12272
0,3656,0,2070,9058,12337
0,3825,0,2758,8792,12261
0,3720,0,2515,9199,12139
0,3725,0,2772,9079,11900
0,4000,0,2625,11872,12143
0,4175,0,2219,8994,11757
0,4321,0,2218,9363,12361
0,4384,0,2576,9104,12140
0,3651,0,2239,9016,12296
0,4288,0,2446,9077,12400
0,4298,0,2188,9106,11979
0,3688,0,2374,9290,12071
0,3900,0,2725,9072,11677
0,3929,0,2607,9728,12135
0,4408,0,2166,9294,12181
0,4019,0,2664,9155,12052
0,3802,0,2722,8986,12105
0,4079,0,2442,8932,12096
0,4248,0,2441,9426,12247
0,4040,0,2397,8839,12177
0,4101,0,2516,8743,12189
0,3759,0,2552,8849,11839
0,3684,0,2380,9736,12040
0,3531,0,2437,8682,12218
0,4522,0,2630,8742,11999
0,4370,0,2720,9236,12169
0,3765,0,2978,9630,12358
0,4256,0,2384,8453,12341
0,4394,0,2607,8747,11994
0,4099,0,2769,8725,12025
0,4249,0,2685,8912,12031
0,4160,0,2704,9012,11951
0,4008,0,2131,8984,12478
0,4107,0,2753,8996,12368
0,4187,0,2818,9003,12335
0,3772,0,2996,8912,12375
0,4040,0,2306,8842,12115
0,4216,0,2927,9116,12025
0,3886,0,2350,9201,12191
0,4091,0,2418,8916,12287
0,4255,0,2532,9012,12169
0,4157,0,2642,9025,11992
0,3979,0,2520,9028,12270
0,3935,0,2512,8675,12148
0,4197,0,2315,8595,12145
0,3816,0,2964,9036,12270
0,4229,0,2542,9238,12204
0,4057,0,2196,9050,12436
0,4039,0,2216,8950,12003
0,4160,0,2597,8954,11927
0,4388,0,2816,9188,12161
0,4350,0,2588,9191,12228
0,3746,0,3184,8891,12270
0,4069,0,2718,8990,11900
0,4436,0,2761,9541,12030
0,4141,0,2293,9147,12310
0,4121,0,2665,9098,11818
0,4070,0,2616,8843,11970
0,4109,0,2753,8298,11968
0,3771,0,2431,8710,12065
0,4001,0,2294,9261,12188
0,4214,0,2612,9103,12175
0,3963,0,2481,9041,12048
0,3952,0,2299,9202,12136
0,3718,0,2780,8942,12256
0,4506,0,2436,9172,12325
0,4032,0,2884,8942,12418
0,3988,0,2312,9020,12092
0,4028,0,2708,9185,11904
0,4186,0,2705,8468,11996
0,4052,0,2600,9816,12216
0,3694,0,2770,8940,11634
0,4090,0,2506,8702,11880
0,3768,0,2425,8992,12473
0,4161,0,2513,9290,12424
0,4893,0,2216,9060,12414
0,4405,0,2626,9117,12166
0,4207,0,2471,9027,12390
0,4298,0,2462,9305,12334
0,4368,0,2534,9309,12269
0,4056,0,1906,9322,12269
0,4456,0,2616,8202,11952
0,4141,0,2521,9117,12162
0,3098,0,2425,8947,12541
0,3704,0,2544,8868,12110
0,4210,0,2612,8804,12284
0,3678,0,3411,8913,12343
0,4200,0,2520,8694,12293
0,4167,0,2303,9099,12464
0,3874,0,2168,9112,12140
0,3881,0,2470,9128,12238
0,4437,0,3234,8970,11730
0,4293,0,2566,8919,12212
0,4600,0,2628,8627,11911
0,4394,0,2260,8576,12481
0,4355,0,2128,9005,12030
0,4068,0,2331,8975,12332
0,3826,0,2740,8795,11504
0,4204,0,2720,9019,12029
0,4468,0,2481,7812,12271
0,4362,0,2556,9150,11946
0,4672,0,2824,8993,12219
0,4463,0,2388,9260,12376
0,4513,0,2501,8946,12156
0,4416,0,2352,9111,12228
0,4139,0,2543,9330,12112
0,4368,0,2852,9084,12096
0,4785,0,2517,9214,12081
0,4056,0,2525,8905,11894
0,5320,0,2624,9077,12104
0,4480,0,2602,9285,12520
0,4488,0,2793,9352,12279
0,4288,0,2353,9099,12348
0,4373,0,2769,9097,11808
0,4140,0,2741,9234,11545
0,2491,0,2643,9300,12283
0,4551,0,2691,9257,12131
0,4552,0,2617,9064,12681
0,4260,0,2728,9166,11842
0,3725,0,2773,8974,11870
0,4529,0,2508,9114,12128
0,4217,0,2259,9184,12437
0,4305,0,2795,9048,12072
0,4214,0,2408,8802,12260
0,4084,0,3178,8940,12437
0,4344,0,2598,8852,12074
0,3910,0,2553,8742,11383
0,3834,0,2576,9155,11845
0,4406,0,2664,9008,11926
0,4552,0,2740,9090,12517
0,3876,0,2263,8866,12194
0,4733,0,2820,9043,12212
0,4141,0,2657,8149,12049
0,4562,0,2856,9004,11932
0,4956,0,2520,8870,12150
0,4217,0,2248,9176,12389
0,4196,0,2385,9173,12009
0,4617,0,2481,9144,12286
0,4456,0,2746,9577,12616
0,4189,0,2345,8824,12416
0,4426,0,2796,9073,12909
0,4244,0,2603,9504,11957
0,4656,0,2951,9018,12579
0,4489,0,2565,9282,12217
0,4075,0,2792,9120,12879
0,4492,0,2770,9226,11886
0,4160,0,2720,9116,12938
0,4363,0,2533,9097,12136
0,4062,0,2773,8725,12337
0,3898,0,2479,8861,12180
0,4420,0,2696,8831,12950
0,4001,0,2213,9240,12352
0,4393,0,2713,9230,12037
0,4176,0,2536,8643,12132
0,4376,0,2416,9305,12176
0,4533,0,2610,9157,12306
0,4328,0,2081,8989,11994
0,4250,0,2032,9211,12344
0,4242,0,2430,8181,12372
0,4288,0,2869,9040,11924
0,4153,0,2520,9219,12245
0,4234,0,2759,9033,11824
0,4331,0,2543,9450,12210
0,4395,0,2400,9333,12168
0,4568,0,2390,9025,12559
0,4254,0,2574,9250,12088
0,4315,0,2528,8699,11758
0,4586,0,2558,9128,12208
0,4315,0,2433,8997,12609
0,4740,0,2519,9096,11498
0,4164,0,2576,9161,11801
0,4212,0,2518,9021,11944
0,3961,0,2392,8656,11945
0,3971,0,2578,8784,12426
0,4503,0,2731,8987,12736
0,4528,0,2893,9143,12196
0,4479,497,2389,9315,12265
0,4569,0,2527,8729,12075
0,4259,0,2647,9116,12201
0,4406,0,2768,9065,11914
0,4574,0,2799,9008,12553
0,4376,0,2775,8952,12145
0,4536,0,2523,9183,12185
0,4196,0,2368,8918,12345
0,4468,0,2546,9247,12082
0,4291,0,2775,9172,11860
0,4328,0,2276,8945,12376
0,4391,0,1893,9134,12496
0,4082,0,3033,9019,12384
0,4160,0,2571,8678,13010
0,4327,0,2623,8912,12031
0,4652,0,2702,8886,11997
0,4404,0,2425,9609,11900
0,4304,0,2368,9140,12321
0,4427,0,2624,8806,11915
0,4785,0,2760,8517,12165
0,4269,0,3197,8928,11868
0,4294,0,2223,8723,12139
0,4123,0,3177,9070,12450
0,4564,0,2792,9018,12109
0,4366,0,2414,9211,12295
0,4371,0,2338,8048,12334
0,4395,0,2054,9232,12076
0,4495,0,2374,9034,12335
0,5017,0,2647,8777,12233
0,4289,0,2420,8849,12316
0,4112,0,2380,8967,11910
0,4298,0,2316,8905,12295
0,4409,0,2485,8653,12378
0,4672,0,2829,8373,12816
0,4392,0,2458,9088,12286
0,4084,0,2401,9190,12182
0,4283,0,2835,9128,11814
0,4456,0,2469,9281,12300
0,5056,0,2505,8925,12200
0,4288,0,2734,8863,12004
0,4475,0,2572,9033,12936
0,4528,0,2810,9056,12587
0,4199,0,2390,8862,12313
0,4070,0,2502,9320,12196
0,4004,0,2199,8958,12366
0,4132,0,2640,8327,12073
0,3928,0,2535,8872,12340
0,4463,0,2555,8712,12123
0,3700,0,2898,9243,12137
0,4454,0,2588,9186,11784
0,4390,0,2547,8996,12017
0,4160,0,2628,8945,11959
0,4040,0,2665,9834,12035
0,4348,0,2796,9204,12078
0,4290,0,2832,8958,12334
0,4327,0,2752,9087,12071
0,4123,0,2642,8714,12140
0,4063,0,2614,8976,11822
0,4297,0,2835,8981,12025
0,4221,0,2766,8953,11996
0,4047,0,2288,8410,12440
0,4110,0,2347,9115,12405
0,4368,0,2417,9242,12316
0,3898,0,2415,9280,12414
0,4299,0,2839,8597,12592
0,4141,0,2907,8832,12265
0,4328,0,2496,9226,12174
0,3920,0,2539,9198,12057
0,4251,0,2599,9268,12147
0,4178,0,2759,9029,11853
0,3884,0,2733,8939,12286
0,4677,0,2704,8986,12029
0,4289,0,2604,8871,12068
0,3955,0,2440,8920,12072
0,4475,0,2811,9271,12230
0,4405,0,218,8744,12183
0,4603,0,2440,9050,12347
0,4112,0,1875,8992,12506
0,4526,0,2514,8682,12280
0,4176,0,2399,9007,12297
0,4148,0,3536,9056,12455
0,3928,0,2658,9046,11918
0,4059,0,2696,8872,11980
0,4355,0,2628,9025,11896
0,4454,0,2708,8958,12075
0,4330,0,2507,8851,12248
0,4032,0,2438,8842,12047
0,4200,0,2709,9162,12090
0,4408,0,2433,9100,12117
0,4629,0,2665,8968,11884
0,4633,0,2569,9112,12164
0,4246,0,2283,9009,12480
0,4464,0,2571,9414,12196
0,4224,0,2412,9298,12369
0,4362,0,2299,8740,12405
0,4556,0,2700,9308,12182
0,4369,0,2800,9162,12054
0,4393,0,2783,9090,11968
0,4489,0,2831,9138,12123
0,4385,0,3540,9289,12382
0,4053,0,2762,8826,12710
0,3950,0,2745,8840,12375
0,5076,0,2649,9203,12049
0,4035,0,2983,9033,11853
0,3915,0,2448,8849,12216
0,4848,0,2316,9278,12320
0,4594,0,2421,9170,12198
0,4328,0,2241,8758,12412
0,4406,0,2530,8691,12253
0,4488,0,2830,9213,13157
0,4634,0,2730,8771,11953
0,4491,0,2594,8941,11977
0,4476,0,2276,8922,12539
0,4351,0,2653,9300,11974
0,4698,0,3120,9078,12224
0,4412,0,2717,8961,13576
0,4109,0,2992,9060,12382
0,4246,0,2613,9498,12007
0,4393,0,2476,9202,12179
0,4601,0,2347,9207,12456
0,4274,0,2327,8953,12362
0,4553,0,2849,8979,12375
0,4355,0,2899,9058,11910
0,4088,0,2336,9107,11768
0,4436,0,2842,9049,13152
0,4449,0,2923,9152,12121
0,4225,0,2237,8942,12996
0,4388,0,2752,8911,11767
0,4239,0,2586,8841,12158
0,4482,0,2837,9282,12096
0,4319,0,2840,8928,11924
0,4380,0,2670,9408,12018
0,4130,0,1971,9130,12468
0,4393,0,2416,9056,12181
0,4552,0,2707,9116,12304
0,4206,0,2380,9381,12044
0,4504,0,2229,9237,12158
0,3935,0,2798,9109,12091
0,4076,0,2528,9109,12212
0,4646,0,2625,9294,12197
0,4445,0,2831,9178,12088
0,4709,0,2527,9224,12315
0,4712,0,2640,8200,11871
0,4485,0,2437,9405,12334
0,4269,0,2260,8949,12322
0,4801,0,2543,9154,12240
0,4365,0,2368,8743,12277
0,4296,0,2365,9070,12294
0,4558,0,2709,9055,11693
0,4742,0,2536,9349,12277
0,4328,0,2505,8848,12156
0,4118,0,2810,8918,11722
0,4538,0,2719,9268,12182
0,4395,0,2236,9235,12244
0,4580,0,2774,8907,11974
0,4424,0,2667,9061,11976
0,4330,0,2270,9005,12377
0,4447,0,2775,9066,11877
0,4190,0,1968,9084,12272
0,3737,0,2374,9271,12224
0,4183,0,2340,9117,12377
0,4223,0,2379,8997,12576
0,4284,0,2273,9093,12448
0,4523,0,2757,8980,12096
0,4040,0,2284,9053,12388
0,4210,0,2607,8752,12106
0,4717,0,2496,9289,12205
0,4408,0,2306,9201,12253
0,4410,0,2549,9305,12396
0,4637,0,2675,8869,12080
0,4783,0,2433,8754,12137
0,4264,0,2361,8960,12200
0,4183,0,2668,8934,11973
0,4020,0,2725,9136,11913
0,4485,0,2646,8974,12065
0,4437,0,2473,8789,12230
0,4160,0,2635,8913,11897
0,4316,0,2364,9172,12314
0,4259,0,2225,9104,12399
0,4220,0,2565,8853,12333
0,4244,0,2785,9088,12143
0,4300,0,2658,9124,12194
0,4362,0,2764,9032,12041
0,4544,0,2640,9087,11937
0,4416,0,2515,9182,12204
0,4037,0,1997,9170,12397
0,4035,0,2698,9147,12236
0,4225,0,2490,9153,12231
0,4112,0,2356,8800,12376
0,3805,0,2426,9172,11906
0,4219,0,2464,9034,12436
0,4068,0,1252,8971,12494
0,4000,0,2457,8724,12070
0,3833,0,2492,8837,12076
0,4388,0,2882,9189,12031
0,4194,0,2586,8700,12366
0,3988,0,2573,8696,12022
0,4388,0,2824,9056,12200
0,4559,0,2660,9152,12264
0,4542,0,2402,8985,12244
0,4753,0,2514,8825,12152
0,4612,0,2720,9326,12276
0,4149,0,2568,8680,12576
0,4333,0,2500,9309,12274
0,4416,0,2626,9064,12580
0,4197,0,2641,9016,11862
0,3941,0,2566,8753,12084
0,4109,0,2272,8922,12398
0,4089,0,2478,9287,12302
0,3876,0,2249,8932,12232
0,3680,0,2714,8999,11822
0,4749,0,2656,9267,12200
0,5152,0,2541,9274,12156
0,4442,0,3106,9106,12157
0,3953,0,2585,7696,12122
0,4264,0,2581,9320,12105
0,4196,0,2564,8628,12120
0,4320,0,2720,8778,11884
0,4242,0,2815,9131,12027
0,4094,0,2588,8886,12028
0,4607,0,2774,9196,12876
0,4519,0,2577,9272,12406
0,4374,0,2785,8937,11666
0,4140,0,2624,8680,12087
0,4359,0,2802,9326,11834
0,3937,0,2477,8800,11870
0,4292,0,2596,9322,12168
0,3976,0,2314,9117,12443
0,4057,0,2689,9035,12049
0,4680,0,2420,8784,12089
0,4228,0,2548,9248,12153
0,4089,0,2498,9147,12100
0,4126,0,2853,9099,11819
0,3916,0,2562,8758,12129
0,4700,0,2144,8932,12255
0,4184,0,2803,9174,12567
0,4273,0,2523,9024,12285
0,4347,0,2300,9124,12257
0,4829,0,2869,9050,13030
0,4297,0,2660,9068,12028
0,4579,0,2271,9187,11848
0,4759,0,2766,9118,11979
0,4445,0,2728,9136,12749
0,4305,0,2450,9425,12313
0,4419,0,2513,9178,12235
0,4456,0,2710,8904,11781
0,4734,0,2626,8834,12144
0,3757,0,2240,9118,12361
0,4100,0,2527,9933,12111
0,3590,0,2320,8993,12392
0,4586,0,2590,9127,12029
0,4394,0,2218,9323,12252
0,4593,0,2799,9174,11922
0,4141,0,2524,9903,12022
0,4338,0,2518,9053,12085
0,4196,0,2398,8993,12508
0,4521,0,2545,8796,12012
0,4162,0,2548,9268,12209
0,4432,0,2728,9110,11396
0,4791,0,2485,8805,12189
0,4198,0,2681,9418,12109
0,4519,0,2562,8910,12178
0,4699,0,2474,9225,12121
0,4865,0,2573,8750,11566
0,4074,0,2209,9016,12332
0,4312,0,2735,9150,11986
0,3448,0,2566,8794,12193
0,4252,0,2620,8929,12200
0,4281,0,2625,8953,12016
0,4072,0,2568,9302,12438
0,4236,0,2600,8701,12107
0,4850,0,2520,8840,12181
0,4211,0,2575,9035,12129
0,3317,0,1965,9048,11884
0,4278,0,2594,8984,12053
0,4981,0,2381,8896,12321
0,4768,0,2348,9324,12160
0,4579,0,2443,9264,12141
0,4616,0,2564,9228,12195
0,4188,0,2681,9920,11848
0,4244,0,2582,9365,11986
0,4248,0,2128,9370,12256
0,4148,0,2421,8948,12636
0,4255,0,2538,9592,12342
0,3987,0,2531,8358,12393
0,4232,0,2464,9309,12205
0,4288,0,2782,9064,12282
0,4494,0,2462,9201,12086
0,4374,0,2728,8949,12549
0,4352,0,2569,8634,11440
0,4320,0,2301,9083,12421
0,4396,0,2848,8937,11948
0,4236,0,2397,9253,12290
0,4400,0,2481,9123,12129
0,4256,0,2432,9364,12268
0,4147,0,2637,8787,12112
0,4184,0,2725,8898,11908
0,4147,0,2725,9608,12160
0,4052,0,2169,9160,12474
0,4309,0,2676,9119,12080
0,4267,0,2804,9013,11935
0,3904,0,3624,8955,12582
0,4374,0,3170,9047,11922
0,4628,0,2209,9140,12208
0,4400,0,2478,8983,11920
0,4217,0,2275,9007,12421
0,5348,0,2549,8816,12122
0,4608,0,2206,9312,12098
0,4186,0,3083,9072,12311
0,4220,0,1748,8565,12533
0,4319,0,2511,9102,11974
0,4204,0,2592,9188,12051
0,4148,0,2345,9403,12171
0,4292,0,2742,8516,11976
0,4304,0,2474,9274,12257
0,4106,0,2578,9448,12343
0,4342,0,2550,8890,12300
0,3741,0,2359,9879,11795
0,4164,0,2453,9187,12266
0,4529,0,2837,8994,12409
0,4518,0,2496,8757,12196
0,4325,0,2585,9432,12064
0,4350,0,2187,9506,12039
0,4356,0,2301,8813,12450
0,4092,0,2568,8830,12341
0,4450,0,2801,9086,11991
0,3954,0,2378,9112,12318
0,4444,0,2728,9227,12076
0,4338,0,2672,9035,12026
0,4000,0,2702,8998,11933
0,4128,0,2306,9112,12365
0,4033,0,2441,9052,12498
0,4822,0,2518,8664,12291
0,4183,0,2564,8889,12098
0,3979,0,2434,8799,12148
0,4074,0,2252,9131,12493
0,4207,0,2656,9121,11875
0,4177,0,2123,9212,12336
0,3954,0,2488,9102,12318
0,3994,0,3204,8898,12461
0,4054,0,2553,8861,12161
0,4011,0,2291,9002,12660
0,3956,0,2015,9121,12442
0,4258,0,2804,8832,12102
0,4076,0,2558,9241,12318
0,4618,0,2287,9471,12591
0,4068,0,1730,9105,12147
0,4217,0,2804,9143,12176
0,4180,0,2435,9207,12232
0,4138,0,2427,8409,12282
0,4056,0,2379,9152,12388
0,4032,0,3080,9006,12181
0,4275,0,394,9177,12276
0,3983,0,2812,8994,12377
0,4328,0,2797,8896,12130
0,4004,0,2530,8848,12529
0,3816,0,2505,8903,11968
0,3860,0,2385,9024,12404
0,4646,0,2832,9128,12519
0,4350,0,2596,8809,12283
0,4577,0,2757,9157,12016
0,4614,0,2780,9141,12140
0,4285,0,2404,9225,11403
0,3961,0,2359,8972,12297
0,4105,0,2856,8882,12558
0,4160,0,3071,8964,12432
0,4258,0,2243,8837,12500
0,4140,0,2262,9098,12548
0,4288,0,2420,9140,13183
0,3873,0,2448,9021,12217
0,4080,0,2280,8960,12331
0,4370,0,2378,9191,12337
0,4183,0,2345,8837,12427
0,4184,0,2869,9081,11792
0,4524,0,2609,8834,12456
0,4325,0,2512,9358,12172
0,4138,0,2642,9670,12266
0,4173,0,2491,9069,12022
0,4304,0,2881,9395,12027
0,3773,0,2872,8913,12081
0,4544,0,2673,9002,11957
0,4604,0,3051,9176,12086
0,4226,0,2609,8830,12035
0,4066,0,2580,9170,12126
0,4371,0,2722,9123,11633
0,4316,0,2590,9184,12266
0,4322,0,2696,9060,12293
0,4306,0,2821,9226,12048
0,4250,0,2257,8956,12303
0,4274,0,2836,9086,11955
0,4691,0,2648,9292,12211
0,4175,0,2665,8905,12006
0,4296,0,2604,9192,12216
0,3920,0,2561,8934,12362
0,3988,0,2640,9020,12040
0,4185,0,2658,9137,12226
0,5415,0,2758,9024,12647
0,4017,0,2488,9144,12353
0,4055,0,2682,8846,12037
0,4722,0,2770,9020,11557
0,4009,0,2574,9026,12190
0,3928,0,2559,8810,12097
0,4182,0,2655,8931,12052
0,3904,0,2098,9144,12231
0,4140,0,2827,9170,12054
0,3666,0,3961,8873,12416
0,3953,0,2582,9374,12233
0,4133,0,2665,9248,12358
0,3792,0,2730,8980,11901
0,4065,0,2531,8872,12287
0,4350,0,2500,8785,12152
0,4067,0,2806,9098,11840
0,3661,0,2625,9008,11234
0,4424,0,2484,8989,12386
0,3704,0,2844,9039,12393
0,4217,0,2490,9178,12145
0,3901,0,2428,9110,12283
0,3784,0,2274,8964,12347
0,3857,0,2329,8759,12399
0,4148,0,2748,9137,12120
0,4121,0,2395,8788,12349
0,4174,0,2532,9244,12238
0,3938,0,2383,9011,12407
0,4394,0,2605,9313,12240
0,4038,0,2293,8520,12385
0,4002,0,2578,9109,12011
0,4000,0,2644,8503,12151
0,4003,0,2382,8686,12171
0,4255,0,2844,9167,12301
0,3943,0,2280,8628,12897
0,4649,0,2582,8811,12144
0,4101,0,2498,8842,12152
0,3622,0,2451,8917,12139
0,3960,0,2665,9203,12187
0,3995,0,3110,8884,12421
0,3813,0,2563,9949,12146
0,3045,0,2456,9320,12280
0,3585,0,3592,9024,12424
0,3466,0,2624,8957,11902
0,4023,0,2669,9032,12265
0,3671,0,2610,9744,12027
0,4038,0,2276,8973,12131
0,3875,0,2715,9195,12074
0,4002,0,2228,9060,12450
0,4115,0,2444,9009,12369
0,3628,0,2245,8915,12255
0,5013,0,2512,8756,12239
0,3801,0,2476,9238,12026
0,4048,0,2571,9751,12270
0,3904,0,2424,9170,12440
0,3693,0,2383,8996,12333
0,4111,0,2489,9258,12613
0,3885,0,2317,9080,12357
0,3657,0,2194,9008,12412
0,4768,0,2827,8651,12057
0,3480,0,2649,8896,11968
0,4049,0,2601,9300,12063
0,3737,0,3351,9018,12520
0,3840,0,2513,9033,12292
0,3953,0,2630,9280,12118
0,3640,0,2677,8996,11918
0,3626,0,2588,8794,12136
0,3777,0,2474,9297,12185
0,3524,0,2531,8764,12093
0,3424,0,2624,9095,12096
0,4508,0,2542,9368,12469
0,3876,0,2327,9294,12467
0,4275,0,2857,9116,12296
0,3866,0,2374,8167,12537
0,4035,0,2559,9317,12188
0,3991,0,2756,9070,12283
0,4197,0,2559,8275,12291
0,3693,0,2640,9065,12042
0,3964,0,2768,9091,12126
0,3536,0,2452,8814,12224
0,3695,0,2459,8432,12143
0,4425,0,2544,8803,11853
0,3796,0,2693,9115,11398
0,3882,0,2255,9111,12327
0,3528,0,3280,8874,12442
0,4807,0,2348,8891,12194
0,4092,0,2958,9146,12308
0,4163,0,2564,9203,12305
0,4607,0,2426,9029,11886
0,4008,0,2401,8992,12322
0,3880,0,2728,9128,11841
0,4001,0,2279,9171,12498
0,4252,0,2829,9148,12596
0,4372,0,2588,9070,12239
0,3954,0,2452,8660,12168
0,4032,0,2836,9654,12060
0,4169,0,2676,8703,12078
0,3752,0,3120,8824,12416
0,4085,0,2554,9211,12298
0,3914,0,2321,8984,12536
0,4266,0,2840,9184,12111
0,4142,0,2712,9089,12460
0,3758,0,2832,8084,12466
0,4165,0,2533,9274,12124
0,4149,0,2792,9184,12042
0,4153,0,2621,9076,12977
0,4135,0,2733,9080,12009
0,4134,0,2881,9047,12725
0,4212,0,2842,9237,12599
0,3793,0,2766,9025,12716
0,4870,0,2452,8802,12073
0,3780,0,2524,9663,12086
0,3357,0,2410,8878,11905
0,3745,0,2632,9411,11722
0,4041,0,2686,8968,12014
0,4036,0,2472,9129,12405
0,3933,0,2469,9380,12344
0,4054,0,2645,8816,12439
0,4368,0,2752,9128,12012
0,4342,0,2776,8929,12028
0,4388,0,2424,9361,12176
0,3888,0,2324,8960,12266
0,3853,0,3273,8313,12418
0,3777,0,2362,9102,12334
0,3589,0,2368,8892,12250
0,3720,0,2866,8756,12503
0,3606,0,2548,9297,12228
0,4192,0,2595,9055,12136
0,4001,0,2535,9076,12480
0,3106,0,2567,9303,12186
0,3872,0,2598,9071,11879
0,3904,0,2281,9043,11823
0,4212,0,2696,9201,12242
0,4014,0,2566,8820,12498
0,4070,0,2813,9136,12606
0,4401,0,2597,9269,12017
0,3957,0,2575,9035,12361
0,3631,0,2944,8950,11803
0,4075,0,2424,9428,12390
0,3989,0,2456,8869,12356
0,3510,0,2597,9241,12536
0,4317,0,2846,9116,12220
0,3705,0,2668,9062,12300
0,4288,0,2078,9104,12336
0,3980,0,2672,9282,12256
0,4093,0,2431,9245,12275
0,4002,0,3537,9178,13031
0,3941,0,2512,8904,12264
0,3947,0,2909,8933,12072
0,4250,0,2697,9241,12330
0,3877,0,2891,8801,12257
0,4728,0,2429,8565,12210
0,3912,0,2717,9074,11784
0,3932,0,2610,9001,11896
0,3852,0,2418,9041,12395
0,3744,0,3016,8956,11987
0,3928,0,1876,9306,12250
0,3924,0,2640,8917,12361
0,3776,0,2592,9710,12026
0,3939,0,2431,9119,12453
0,3648,0,2644,8896,12452
0,3627,0,2193,8964,12419
0,3905,0,3481,9046,12464
0,4285,0,2093,9185,12424
0,4032,0,2761,9077,11860
0,3963,0,2660,8679,11935
0,4645,0,2432,9060,12352
0,5086,0,2795,9033,11908
0,4472,0,2668,9041,12144
0,3813,0,2556,8781,12085
0,3784,0,2168,9353,11986
0,3906,0,2492,9229,12328
0,3760,0,2414,9173,12207
0,3852,0,2461,9371,12212
0,4053,0,2610,9169,11797
0,3874,0,2256,9110,12238
0,4071,0,2659,9228,11909
0,3932,0,2597,9204,12008
0,4074,0,2920,8928,12745
0,4095,0,2672,8726,12670
0,3826,0,2434,8923,12316
0,3910,0,2767,8905,12462
0,4061,0,2564,9240,12168
0,4320,0,2642,9111,12116
0,3880,0,2540,8779,12261
0,3914,0,2674,8948,12170
0,3976,0,2559,9187,12237
0,4026,0,2472,11470,12284
0,3571,0,2758,8903,12183
0,3670,0,2278,8990,12428
0,3876,0,2672,9120,12664
0,3837,0,2525,8741,12136
0,4235,0,2290,9473,12261
0,4093,0,2469,9386,12410
0,4166,0,2745,8937,12093
0,4182,0,2510,9400,12354
0,4314,0,2620,8762,12024
0,3963,0,2356,8884,12157
0,4288,0,2792,9007,12104
0,4187,0,2666,9178,11965
0,3750,0,1794,9324,12466
0,4082,0,2634,8887,11968
0,3764,0,1956,9040,12432
0,3864,0,1929,9389,12203
0,3709,0,2620,9160,12144
0,4119,0,2760,9151,12122
0,4058,0,2772,9096,12450
0,4593,0,2553,9006,12321
0,3946,0,2856,8866,12002
0,3784,0,2448,10192,12123
0,4250,0,2784,9180,12347
0,4481,0,2833,9093,12264
0,3971,0,2509,8879,12250
0,4376,0,2646,9379,12445
0,4184,0,2757,9139,12068
0,3810,0,2272,9106,12416
0,4065,0,2325,9426,12261
0,4113,0,2582,9156,12134
0,3923,0,2289,9024,12552
0,3854,0,2081,9139,12363
0,3814,0,2520,9042,12153
0,3904,0,2604,8851,12044
0,5056,0,2476,8656,12432
0,3878,0,2526,8885,12287
0,4172,0,2578,9296,12192
0,4325,0,2590,9308,12225
0,3782,0,2081,8812,12308
0,3753,0,2576,8989,12259
0,3707,0,2557,9158,12060
0,4169,0,2152,8787,12812
0,4036,0,2768,9056,11856
0,3428,0,2681,8898,11651
0,4160,0,2346,8772,12402
0,4105,0,2658,8873,12443
0,4138,0,2346,9070,12327
0,3967,0,2393,8941,12227
0,3937,0,2710,8961,11757
0,4916,0,2015,8830,12312
0,4292,0,2422,9249,12294
0,3856,0,2688,9130,12463
0,4416,0,2587,9298,12258
0,4362,0,2349,9209,11868
0,4288,0,2857,9205,12157
0,3947,0,3003,8998,12605
0,4092,0,2483,8677,12166
0,4496,0,2231,9187,12168
0,4102,0,2586,8842,12110
0,4206,0,2781,9358,12207
0,4147,0,2396,9315,12281
0,4314,0,1957,9238,12064
0,4133,0,2432,9412,12260
0,3960,0,2257,8982,12198
0,3794,0,2712,8894,13032
0,4076,0,1774,8856,12174
0,4046,0,2300,9224,12186
0,4860,0,1581,8778,12279
0,3337,0,2338,8918,12233
0,4004,0,2633,8878,12102
0,4224,0,2152,8866,12556
0,4229,0,2414,9253,12328
0,3880,0,2442,8951,12453
0,3880,0,2111,9177,12310
0,4043,0,2774,9032,12338
0,4084,0,2819,9248,12483
0,4112,0,2575,8759,12256
0,3972,0,2409,9026,12405
0,3928,0,2756,8979,11872
0,4049,0,3202,9044,12446
0,4121,0,2500,9057,12008
0,4012,0,2412,9310,12307
0,4801,0,2400,8840,12252
0,4221,0,2391,9261,12417
0,4288,0,2355,9208,12084
0,4099,0,2542,8858,12146
0,4200,0,2722,8897,12006
0,4288,0,2485,9316,12151
0,4672,135,2863,9104,12643
0,4448,0,2724,8714,12225
0,4074,0,2434,9363,12274
0,3583,0,2793,9146,12156
0,4415,0,2626,9238,12243
0,3912,0,2304,9089,12304
0,4380,0,2134,9296,12156
0,4077,0,2588,9332,12194
0,4535,0,2384,8946,12158
0,3818,0,2536,9303,12201
0,4021,0,2292,9000,12522
0,4188,0,2412,9399,12345
0,4135,0,2860,8920,12543
0,4426,0,2763,9102,11885
0,4078,0,2289,8959,12338
0,4240,0,2637,9135,11980
0,4418,0,2829,9040,12102
0,4183,0,2716,8764,11981
0,4164,0,1094,9236,12409
0,4248,0,2605,9212,12189
0,4312,0,2662,8897,12123
0,4391,0,2690,9217,11882
0,4210,0,3052,8622,12493
0,4692,0,2648,8380,12320
0,4329,0,2633,9238,12117
0,5098,0,2043,8919,12187
0,3720,0,2606,8771,11998
0,3827,0,2265,9048,12262
0,4339,0,1949,9133,11966
0,4138,0,2818,9042,11879
0,3896,0,2319,8914,12208
0,4105,0,2780,8951,11900
0,4489,0,2745,9033,12457
0,4413,0,2619,8912,12069
0,4079,0,3328,8879,12566
0,4168,1253,2365,9047,12323
0,4097,0,2344,9376,12322
0,4515,0,2540,9191,12136
0,4110,0,2100,9281,12334
0,4928,0,2478,8920,12191
0,4324,0,2880,9207,12038
0,3909,0,2433,9366,12097
0,4569,0,2810,9332,12177
0,4032,0,2397,9073,12060
0,4237,0,2431,9002,12031
0,3978,0,2420,8860,12542
0,4440,0,2192,9196,12011
0,4304,0,2688,9463,12295
0,4079,0,3177,9133,12433
0,4405,0,2647,8568,12119
0,3977,0,2439,8937,12274
0,3994,0,2559,8973,12410
0,4428,0,2511,9266,12147
0,4550,0,2752,8553,12059
0,4318,0,2565,8832,12090
0,4450,0,2509,9293,12287
0,4075,0,2541,8845,12237
0,3928,0,3190,8229,12418
0,4562,0,2775,9417,12650
0,4189,0,1666,9195,12403
0,4443,0,2824,9103,12596
0,4633,0,2533,9328,12286
0,4244,0,2610,8644,12538
0,4250,0,2416,8712,12149
0,4518,0,2786,9156,12298
0,4560,0,2709,9200,12218
0,4349,0,2564,9431,12252
0,4599,0,2384,9249,12225
0,4312,0,2481,9044,11904
0,4178,0,2256,9115,12399
0,4493,0,2612,9090,12147
0,4634,0,2903,9225,12010
0,4788,0,2810,8441,11964
0,4215,0,2583,9024,12540
0,4280,0,2730,8975,12162
0,3637,0,2382,8853,12119
0,4223,0,2558,8989,12265
0,3788,0,2838,8968,11816
0,4042,0,3258,8951,12310
0,4424,0,2559,9188,12100
0,4554,0,2399,8939,12474
0,4753,0,2588,9092,12088
0,4535,0,2380,9459,12335
0,5152,0,2560,8876,12296
0,4232,0,2510,8928,12261
0,4704,0,2773,9156,11950
0,4301,0,1352,8954,12264
0,4500,0,2122,8907,12157
0,4536,0,2748,8980,11933
0,4410,0,2386,8940,12489
0,4368,0,2194,8938,12411
0,4652,0,2746,9150,12030
0,4809,0,2604,8449,12112
0,4479,0,2052,9175,12443
0,4686,0,2787,9141,11961
0,4657,0,2880,8746,12180
0,4752,0,2632,8585,12160
0,4416,0,2408,8917,12380
0,4904,0,2563,9780,12284
0,4665,0,2480,9007,11930
0,4589,0,2475,9337,12354
0,4561,0,2765,9164,12234
0,3619,0,2390,9848,11753
0,4452,0,2530,8809,12145
0,4408,0,2221,8637,12398
0,4366,0,2402,9100,12270
0,4057,0,2331,9000,12499
0,4206,0,2752,9008,11901
0,4603,0,2654,9033,12022
0,4482,0,2474,9357,12125
0,5024,0,2469,8685,12265
0,4311,0,2378,9070,12284
0,4797,0,2418,9086,12119
0,4777,0,2466,9283,12340
0,4750,0,2754,9174,12181
0,4593,0,2811,9321,12001
0,4699,0,2475,9130,11884
0,4570,0,2752,9104,12448
0,4457,0,2674,9010,11872
0,4304,0,2729,8912,11886
0,4443,0,2647,9519,12125
0,4589,0,2654,8958,12034
0,4688,0,2530,9378,12272
0,4502,0,2560,9265,12235
0,4239,0,2672,8736,12070
0,4340,0,2315,9108,12385
0,4460,0,2470,9383,12288
0,4715,0,2520,9164,12154
0,4562,0,2508,9114,11867
0,4560,0,2583,9146,12202
0,4458,0,2412,9065,12356
0,5489,0,2569,8840,12310
0,4412,0,2562,8866,12230
0,4628,0,2793,9117,12197
0,4681,0,2594,8869,12085
0,4611,0,2181,9130,12308
0,4743,0,2880,9260,12276
0,4575,0,2260,9047,12375
0,5078,0,2435,8636,12248
0,4841,0,2363,9169,12126
0,4366,0,2280,8890,12380
0,4434,0,2592,8862,12164
0,4555,0,2378,9256,12262
0,4394,0,2601,9001,12174
0,4803,0,2050,9424,12333
0,4732,0,2822,9050,11980
0,4316,0,2261,8967,12427
0,4495,0,1814,9086,12371
0,4735,0,2573,9065,12165
0,4051,0,2539,9886,12120
0,4645,0,2557,9102,12024
0,4460,0,2336,9197,12399
0,4715,0,2635,9013,12083
0,4625,0,2453,8957,12353
0,4969,0,2061,7874,12220
0,4348,0,2520,9211,11738
0,4546,0,2396,8891,12280
0,4533,0,2732,9208,12026
0,5370,0,1904,8888,12328
0,4423,0,2648,8804,12063
0,4373,0,3048,8992,12464
0,4075,0,2424,8849,12072
0,4976,0,2501,8779,12155
0,4335,0,2261,9073,12337
0,4320,0,3288,9035,12624
0,4296,0,3270,9007,12287
0,4361,0,2463,8833,11305
0,4881,0,2526,9264,12213
0,4556,0,2371,9348,12272
0,5446,0,2432,8898,12243
0,4751,0,2725,9144,12143
0,4482,0,2304,8746,12375
0,4673,0,2584,8832,12739
0,4355,0,3152,9026,12524
0,4699,0,2652,9295,12132
0,4930,0,2628,9104,12152
0,5608,0,2557,8850,13003
0,5326,0,2522,9228,12248
0,4876,0,2651,8950,12028
0,4631,0,2640,9056,11865
0,5130,0,2778,9172,11887
0,4672,0,2604,9709,12044
0,4634,0,2549,8956,12219
0,4108,0,3137,8968,12380
0,5061,0,2571,9289,12314
0,5033,0,2381,9316,12154
0,4756,0,2474,9258,12203
0,4440,0,2429,9544,12287
0,4797,0,2808,9157,12145
0,4638,0,2611,8814,12267
0,4782,0,2449,9297,12136
0,4561,0,2794,8978,12128
0,4674,0,2741,8957,12112
0,4854,0,2546,9200,12151
0,4788,0,2630,9300,12171
0,4501,0,2486,9236,12276
0,4594,0,2649,9050,11959
0,3746,0,2047,8948,12258
0,4548,0,2541,9122,11910
0,4456,0,2814,8932,11814
0,5132,0,2423,8852,12194
0,4640,0,2431,9264,12176
0,4102,0,3387,8958,12350
0,4188,0,2484,8805,11823
0,4740,0,2485,9254,12171
0,4480,0,2512,8945,12234
0,4695,0,2819,9024,12723
0,4255,0,2260,8946,12284
0,4436,0,2593,9637,12125
0,4452,0,2540,8000,12228
0,4194,0,2542,8963,12397
0,4496,0,2735,8512,11748
0,4520,0,3017,9377,12336
0,4826,0,2640,9182,11849
0,4612,0,2429,9244,12220
0,4688,0,2791,9176,12768
0,4657,0,2728,9013,12004
0,4458,0,2592,9280,12233
0,4562,0,2594,9215,12246
0,4350,0,2237,9416,12266
0,4344,0,2270,9044,12503
0,4551,0,2787,9046,11874
0,4737,0,1700,9371,12066
0,4309,0,2564,9121,12281
0,4394,0,2909,9151,12559
0,4410,0,2796,9127,11904
0,4617,0,2561,9218,11344
0,4248,0,2827,8954,11967
0,4425,0,2518,9378,12241
0,4360,0,2088,9032,12026
0,4254,0,2546,8597,12152
0,4656,0,2854,9123,12224
0,4181,0,2304,8885,12202
0,4591,0,1724,9290,12210
0,4221,0,2505,9102,12412
0,4454,0,2852,9161,12113
0,3323,0,2496,9293,12173
0,3828,0,2402,9015,12401
0,4314,0,2726,9197,12088
0,3955,0,2535,9340,12143
0,3560,0,2557,9072,11819
0,3992,0,2688,7976,12462
0,3663,0,2573,9012,12436
0,4179,0,2335,8993,12272
0,3707,0,2419,9311,12127
0,3856,0,2158,8837,12244
0,4380,0,2700,9344,12110
0,4060,0,2424,9146,12257
0,3859,0,2467,8878,11864
0,4384,0,2651,9216,12234
0,4139,0,2659,9156,11974
0,4391,0,2653,9301,12124
0,3854,0,2259,8874,12324
0,4172,0,2781,9044,11935
0,4329,0,2648,9351,12194
0,3787,0,2504,9061,12506
0,4060,0,2761,9142,11866
0,3874,0,2245,9135,12440
0,4412,0,2516,8989,12264
0,3974,0,2335,8930,12480
0,3610,0,2500,8936,12179
0,3813,0,2164,9072,12415
0,4021,0,2753,9020,11960
0,3616,0,3002,9032,12409
0,4216,0,2388,9202,12172
0,3869,0,2438,9360,12240
0,3592,0,2395,8904,12306
0,3626,0,2386,8986,12352
0,3793,0,2634,9012,11930
0,3641,0,2282,9138,12375
0,3967,0,2508,9180,11982
0,2568,0,2752,9094,12872
0,4493,0,2520,8836,12306
0,4518,0,2656,8924,11917
0,4623,0,1916,8802,12365
0,4584,0,2420,9292,12389
0,4354,0,2822,8955,11680
0,4229,0,2931,9184,12278
0,3904,0,2498,9247,11919
0,4039,0,2541,8866,12387
0,4720,0,2780,9056,12832
0,5066,0,2828,9192,12184
0,4254,0,2395,9165,12662
0,4459,0,2642,8834,12056
0,4966,0,2520,9076,12249
0,4802,0,2542,9148,12297
0,4449,0,2296,9831,12072
0,4702,0,2721,9167,12173
0,4176,0,2320,9047,12296
0,4632,0,2818,9248,12068
0,4097,0,2392,9184,12269
0,4473,0,2681,8885,11314
0,4690,0,2624,9370,12120
0,4110,0,2376,8958,12417
0,4308,0,2368,9018,12342
0,5617,0,2372,9176,12448
0,4540,0,2457,9300,12393
0,4539,0,2392,9358,12269
0,4343,0,2624,9350,12091
0,4247,0,2325,8992,12069
0,4212,0,2300,9028,12508
0,4291,0,2640,9099,11988
0,4403,0,2857,9077,11578
0,4394,0,2701,8536,12046
0,4780,0,2613,8922,12139
0,4404,0,2352,9127,12434
0,3820,0,2648,8867,11894
0,4123,0,1564,8982,12240
0,4487,0,2466,9332,12356
0,4324,0,2613,9076,12067
0,4113,0,2636,8753,12056
0,4803,0,2648,8927,12066
0,4512,0,2603,9152,12375
0,4310,0,2744,9040,11844
0,4619,0,2937,9056,12312
0,4338,0,2479,9253,12128
0,4559,0,2626,9172,12032
0,4556,0,2761,9157,12904
0,4544,0,2811,9080,11912
0,4501,0,2800,9172,12594
0,4218,0,2590,8800,12136
0,4104,0,2252,8683,12508
0,4492,0,2468,9258,12396
0,4637,0,2624,9398,12288
0,4420,0,2300,9166,12266
0,4784,0,2804,9087,11946
0,4741,0,2524,9355,12156
0,4929,0,2744,8399,11930
0,4446,0,2320,8819,12276
0,4425,0,2566,9792,12088
0,4451,0,3209,8952,12339
0,4703,0,2562,9336,12255
0,5213,0,2616,9248,12552
0,5052,0,2584,9031,11866
0,4788,0,2658,9109,11857
0,4571,0,2540,9055,12284
0,4901,0,2764,9080,11977
0,4825,0,2801,9152,11162
0,4568,0,2514,9011,12127
0,4732,0,2741,9601,12522
0,4336,0,2502,9360,12100
0,5405,0,2752,9152,12004
0,4971,0,2195,9186,12124
0,4674,0,3247,9233,12194
0,4659,0,1354,9318,12205
0,4533,0,2803,9008,11969
0,5062,0,2436,9242,12211
0,4899,0,2504,9144,12418
0,4944,0,2395,9324,12224
0,4579,0,2314,9221,12375
0,5456,0,2413,9311,11777
0,4724,0,2553,9287,12282
0,5056,0,2770,9084,11561
0,4329,0,2484,8816,11968
0,4194,0,2592,9047,11910
0,4756,0,2494,8957,11869
0,4621,0,2592,8777,12036
0,4754,0,3033,8628,12019
0,4998,0,2284,9361,12235
0,5118,0,2744,8975,11968
0,5106,0,2674,8889,11373
0,4603,0,2340,9096,12449
0,4584,0,2639,9296,12346
0,4796,0,2272,9344,12406
0,5036,0,2532,9441,12109
0,4955,0,1429,9256,12462
0,5379,0,2709,9259,12219
0,4981,0,2463,9268,12312
0,4860,0,2803,9216,12592
0,4864,0,2704,9028,12000
0,4733,0,2864,9053,12403
0,5049,0,2720,9147,12246
0,5104,0,2636,8590,12354
0,5056,0,2880,9152,11899
0,4834,0,2530,9347,12417
0,5264,0,2593,8191,12304
0,5408,0,2613,9334,12346
0,5309,0,2508,9102,12130
0,4958,0,2816,8905,12151
0,7249,0,2482,8758,12268
0,4601,0,2213,9115,12438
0,5078,0,2408,8891,12146
0,4745,0,2568,9818,12072
0,4679,0,2645,8743,12177
0,4672,0,2388,9138,12509
0,4301,0,2362,8951,12370
0,5084,0,2641,8402,12149
0,4831,0,2608,8755,12096
0,4822,0,2706,9008,11933
0,4734,0,2331,9122,12434
0,4744,0,2582,10204,12044
0,4705,0,2585,8936,12172
0,4833,0,2409,9501,12284
0,4864,0,2758,8930,11923
0,4506,0,2722,10121,11564
0,5083,0,2455,9452,12336
0,4993,0,2410,9084,12358
0,5300,0,2571,9235,12364
0,5177,0,2444,9156,12353
0,4700,0,2704,9015,12428
0,5117,0,2594,8692,12132
0,4967,0,2636,9288,12214
0,4698,0,1971,9074,12488
0,4537,0,2396,9115,12287
0,5052,0,2514,8640,12153
0,4584,0,2817,9071,11936
0,4725,0,2661,9100,11853
0,4572,0,2644,9733,11950
0,4601,0,2632,8964,12120
0,4459,0,2382,9006,12286
0,5300,0,2669,8808,12244
0,4874,0,2763,9017,11954
0,4737,0,2570,8871,11984
0,5153,0,2446,8839,12164
0,4781,0,2630,8827,12192
0,5019,0,2800,8994,13132
0,5497,0,2601,8759,12155
0,4465,0,2370,8922,12274
0,4652,0,2529,8461,12221
0,4867,0,2413,9100,12465
0,5586,0,1073,9259,12022
0,4942,0,2635,9351,11969
0,4874,0,2464,9298,12301
0,5083,0,2295,8955,12391
0,5217,0,2789,9029,12699
0,4923,0,2351,8929,12288
0,4644,0,2498,8987,12484
0,4653,0,2600,8791,12155
0,5260,0,2530,9018,12362
0,5395,0,2801,8485,11906
0,5354,0,2605,8868,12044
0,5251,0,1907,9165,12412
0,4887,0,2545,8723,12339
0,4811,0,2423,8778,12085
0,5198,0,2624,9275,12090
0,4558,0,3082,8988,12409
0,4973,0,2744,9028,12072
0,4853,0,2332,8968,12497
0,4672,0,2592,8822,12122
0,4709,0,2485,9198,12319
0,4994,0,2804,9288,12148
0,4684,0,2260,8856,12575
0,4456,0,2568,8844,12245
0,4874,0,2472,9200,12359
0,4804,0,2676,8365,12078
0,5802,0,2574,8969,12183
0,4508,0,2800,8934,11717
0,5030,0,2521,9080,12257
0,5081,0,3138,8872,12505
0,4613,0,2711,8914,12224
0,5312,0,2384,8997,12449
0,5305,0,2498,9322,12314
0,5554,0,2541,9191,12156
0,5762,0,2472,8837,11916
0,3042,0,2117,9342,12214
0,5484,0,2413,8857,12355
0,5493,0,2478,9360,12124
0,4851,0,2591,8988,12413
0,5363,0,2355,9367,12362
0,5574,0,2512,9208,12056
0,4939,0,2868,8525,12140
0,5629,0,2042,9246,12157
0,5013,0,2304,9047,12461
0,5202,0,2529,9284,12117
0,4592,0,2485,8875,12470
0,4808,0,2376,8992,12231
0,5620,0,2559,9198,12238
0,4423,0,2478,8850,12181
0,4988,0,2368,9033,12371
0,4939,0,1675,9356,12363
0,5159,0,2554,9368,12176
0,5432,0,2860,9148,12454
0,4836,0,2585,8896,12114
0,5224,0,2557,8981,11588
0,5576,0,2872,9373,12004
0,4666,0,2126,8865,11826
0,5437,0,2777,9002,12144
0,5147,0,2348,8959,12482
0,4939,0,2320,9034,12374
0,5045,0,1783,9126,12471
0,5568,0,2565,8859,12199
0,5442,0,2601,8940,11410
0,5045,0,2230,9113,12203
0,5338,0,2855,9556,12766
0,5629,0,2736,9100,11849
0,5416,0,2464,9361,12263
0,5162,0,2338,9036,12020
0,4836,0,2558,9189,12170
0,4930,0,2353,9003,12375
0,5226,0,2624,8737,12144
0,5211,0,2281,8972,12458
0,4734,0,2792,9106,12133
0,5490,0,2565,9392,12155
0,5344,0,2517,8778,12085
0,5609,0,2514,9177,12234
0,5097,0,2840,9063,11779
0,4805,0,2713,9221,12331
0,5041,0,2557,9808,11994
0,5158,0,2653,8646,12123
0,5186,0,2424,8189,12424
0,5060,0,3089,8796,12525
0,5454,0,2344,9793,12241
0,5272,0,2388,9091,12352
0,5081,0,2752,8953,11983
0,5031,0,2482,9189,12249
0,5488,0,2572,8725,12007
0,5197,0,2522,9346,12167
0,5085,0,2352,8930,11853
0,5074,0,2013,9596,12168
0,5214,0,2792,9157,12229
0,5398,0,2405,8965,11939
0,5370,0,2924,9116,11926
0,5112,0,2426,9052,12455
0,5225,0,2569,9209,11146
0,5112,0,2676,8693,12159
0,5175,0,2328,8953,12201
0,5218,0,2383,9342,12239
0,5352,0,2464,9321,12255
0,5189,0,2469,9182,12375
0,5370,0,2829,9152,11994
0,5190,0,2330,8920,11928
0,5333,0,2704,8992,12003
0,5245,0,2630,8412,12188
0,5243,0,2469,9044,12330
0,5462,0,2852,9084,11941
0,4349,0,2684,9009,11900
0,5407,0,2523,9351,12224
0,5426,0,2726,9117,11869
0,5518,0,2671,9029,11955
0,5600,0,2362,9012,12362
0,5133,0,2556,8894,12236
0,4948,0,2012,9048,12189
0,5668,0,2841,9152,12069
0,5300,0,2315,9103,12396
0,5523,0,2686,9717,12198
0,6082,0,2489,8961,12396
0,5622,0,2387,9096,12302
0,5421,0,2555,8826,12196
0,6067,0,2625,9337,12221
0,5361,0,2652,8896,12599
0,5528,0,2379,9369,12232
0,5928,0,2829,9157,11896
0,5368,0,2254,9135,12374
0,5760,0,2941,9075,12794
0,5408,0,2517,9365,12281
0,5763,0,2568,8563,12248
0,5508,0,2659,9714,12008
0,5389,0,2261,9225,12140
0,5962,0,2595,8604,12352
0,5119,0,2465,9009,12320
0,5206,0,2253,9124,11989
0,5312,0,2540,8793,12216
0,5450,0,2569,8791,12108
0,5936,0,2303,9219,12155
0,6150,0,2768,9255,12196
0,5770,0,2501,8855,12262
0,5718,0,2727,9136,12530
0,5537,0,2559,8842,12508
0,5352,0,2336,9004,12179
0,5440,0,2529,9077,12302
0,5561,0,2443,9106,11995
0,5519,0,2697,9084,11878
0,5715,0,2320,8672,12340
0,5232,0,2381,9096,12550
0,5425,0,1761,9129,11993
0,5887,0,2804,8833,13216
0,5627,0,2506,8841,12272
0,5150,0,3175,9032,12477
0,5859,0,2812,8985,11752
0,5280,0,2387,8918,12250
0,5494,0,2312,8976,12376
0,5608,0,2902,9184,12130
0,5056,0,3030,8529,12480
0,5684,0,2551,9246,12223
0,6140,0,2694,9069,12278
0,5673,0,2500,8776,11589
0,5789,0,1998,9437,12276
0,5793,0,2673,8744,12240
0,5655,0,2457,9314,12240
0,5056,0,2751,8944,12678
0,5184,0,2918,9040,12204
0,5770,0,2553,9177,12104
0,5751,0,2975,9247,12114
0,5732,0,2599,8825,12216
0,5322,0,2687,9037,11792
0,5099,0,2232,8714,12395
0,5288,0,2635,8936,11991
0,5226,0,2844,9152,12156
0,5225,0,2337,9278,12312
0,4927,0,2629,9212,12236
0,5205,0,1768,9265,12421
0,5207,0,2564,8898,12184
0,5488,0,2546,8861,12054
0,5286,0,2348,9081,12480
0,5413,0,2998,8957,12411
0,5498,0,2505,8861,12163
0,6208,0,2520,8813,12234
0,4747,0,2216,8933,12132
0,5390,0,2292,9135,12421
0,5706,0,2252,8576,12407
0,5092,0,2745,8999,12366
0,5554,0,2710,9116,12432
0,5877,0,2784,9341,12187
0,5679,0,2468,8844,12295
0,5562,0,2506,10478,12096
0,5440,0,2791,9071,11994
0,5785,0,2440,9317,11588
0,5443,0,2618,9480,12116
0,5206,0,2357,9018,12152
0,5536,0,2911,9310,12045
0,5526,0,2783,9077,11989
0,5250,0,2464,9139,12461
0,5377,0,2554,8890,11967
0,5840,0,2404,9149,12550
0,5364,0,1148,9094,12275
0,5115,0,2599,9071,11950
0,5443,0,2426,8879,12112
0,5820,0,2119,9227,12202
0,5596,0,2606,9318,12091
0,5576,0,2766,9072,12079
0,4372,0,2517,9296,12170
0,5361,0,2695,9093,12193
0,5923,0,2517,9132,12233
0,5378,0,3427,8906,12416
0,5602,0,2976,8375,12118
0,5373,0,2827,9268,12517
0,5116,0,2572,9009,12224
0,5384,0,2624,9073,11926
0,5142,0,2669,8904,12515
0,5399,0,2719,9152,12123
0,5211,0,2570,8786,12105
0,5528,0,2688,9176,12031
0,5423,0,2493,9159,12907
0,5261,0,2707,9325,12703
0,5297,0,2531,8998,12438
0,5488,0,2092,9176,12350
0,5274,0,2885,8861,9780
0,5492,0,2714,9153,11549
0,5345,0,2496,9162,12375
0,5338,0,2340,9042,12370
0,5207,0,2266,9036,12581
0,5276,0,2369,8925,12232
0,5440,0,2799,9323,12051
0,5276,0,2535,8490,12256
0,5684,0,2480,9313,12321
0,5170,0,2802,9064,12319
0,5376,0,2710,8978,11952
0,5197,0,2755,8241,12131
0,5070,0,2949,8982,12268
0,6008,0,2431,9011,12256
0,6034,0,2221,9169,12138
0,5510,0,2564,8793,12295
0,5882,0,2326,9168,12610
0,5158,0,3608,9037,12231
0,5576,0,2729,9202,12108
0,5135,0,2498,8902,12265
0,5481,0,3019,9137,13177
0,5603,0,2549,9309,12158
0,5707,0,2568,8878,12296
0,5441,0,2870,9052,13047
0,5557,0,2391,9333,12423
0,5337,0,2749,8988,11861
0,5289,0,2577,9048,12016
0,6098,0,2751,8847,12221
0,5537,0,2916,9254,12340
0,5221,0,2467,8900,11985
0,5160,0,2270,8770,12450
0,5429,0,2881,9248,12048
0,5250,0,2421,8767,12472
0,5556,0,2600,9392,12361
0,5351,0,2114,9490,12265
0,5318,0,2636,9052,12402
0,5251,0,2425,9353,11787
0,5504,0,2900,9240,12286
0,5524,0,2779,9160,11888
0,5012,0,2761,9128,12152
0,5550,0,2830,9140,11446
0,4975,0,2416,9276,11491
0,5569,0,2282,9130,12437
0,5639,0,2611,9237,12124
0,5792,0,2629,9201,12343
0,5640,0,2566,9265,12212
0,5376,0,2716,8896,12031
0,5286,0,1841,8872,11470
0,5597,0,2541,8932,12160
0,5220,0,2725,9980,12058
0,5271,0,2660,9053,11946
0,5550,0,4024,9202,12151
0,5212,0,2641,9119,11961
0,5434,0,2520,9442,12311
0,5553,0,2689,9240,12158
0,5581,0,2349,9218,12287
0,5500,0,2601,9345,12261
0,5680,0,2736,9276,12005
0,5617,0,2068,8750,12265
0,5454,0,2681,9145,12383
0,5368,0,2530,8961,12269
0,5356,0,2400,9153,12464
0,5234,0,2525,8849,12063
0,5696,0,2676,8970,11140
0,5407,0,2676,8796,12136
0,5328,0,2612,9210,11962
0,5296,0,2766,9096,11789
0,5449,0,2667,9451,12148
0,5443,0,2448,9479,12468
0,5571,0,2890,9211,12876
0,5376,0,2800,9102,12384
0,4995,0,2468,9098,12300
0,5753,0,2213,8853,12123
0,5418,0,2443,9376,12253
0,5117,0,2528,8739,12325
0,5280,0,2474,8957,12025
0,5293,0,2754,9130,12114
0,5479,0,2721,9065,12015
0,5336,0,2767,9041,11925
0,6034,0,2708,8992,13113
0,5440,0,2196,8339,12538
0,5373,0,2487,9309,12267
0,5584,0,2900,9313,12076
0,4910,0,2428,9096,12258
0,5165,0,2328,9071,12345
0,4965,0,2721,9015,11912
0,5184,0,2323,9123,12393
0,5403,0,2690,9178,12118
0,5293,0,2441,9199,12244
0,5132,0,3970,9215,12398
0,5077,0,3068,8964,12413
0,5060,0,2416,9299,11474
0,5525,0,2214,9424,12152
0,5840,0,1936,9085,12270
0,5264,0,2482,8840,12179
0,5371,0,2744,9193,12097
0,5141,0,2289,8875,12455
0,4946,0,2451,8951,12293
0,5400,0,2589,9176,12366
0,5432,0,2823,9261,12721
0,5044,0,2242,9129,12400
0,5064,0,2469,9325,12082
0,4941,0,2283,9156,12344
0,5480,0,2945,9168,12147
0,5202,0,2518,9131,12098
0,5267,0,2727,9067,11853
0,5239,0,2652,9365,12056
0,5165,0,2245,9005,12457
0,5485,0,2811,9268,12226
0,4833,0,2565,9169,12147
0,5174,0,2560,9598,12485
0,4988,0,2479,9116,12318
0,5184,0,2668,9216,11874
0,5106,0,2665,9665,12147
0,5884,0,3110,9092,12191
0,5811,0,2791,9301,12042
0,5472,0,2628,9132,12176
0,5258,0,2471,9226,12331
0,5119,0,2553,9063,12182
0,5368,0,2902,9181,12088
0,4837,0,1822,9112,12247
0,5280,0,2294,9397,11912
0,5466,0,2536,8959,12148
0,4968,0,2588,9394,12469
0,5622,0,2573,9268,12274
0,5360,0,2687,9005,11923
0,5261,0,2394,9304,12296
0,5276,0,2935,8936,12012
0,5101,0,2468,8740,12172
0,5178,0,2469,9582,12123
0,5786,0,2638,8870,12079
0,5597,0,2469,9238,12531
0,5405,0,2437,9313,12413
0,5614,0,2602,9335,12294
0,5374,0,2585,8943,12494
0,5338,0,2588,8744,12168
0,5756,0,2301,9215,12253
0,5381,437,2580,8741,12248
0,5500,0,2688,9409,12201
0,6140,0,2493,8899,12137
0,5397,0,2232,9297,12139
0,4842,0,2664,9025,12025
0,4977,0,1957,9533,12279
0,4968,0,2752,8642,12375
0,5265,0,2376,9041,12456
0,5216,0,2719,9842,12330
0,5176,0,1914,9371,12239
0,5058,0,2329,8983,12356
0,5412,0,2425,9302,12183
0,4876,0,3409,8959,12428
0,5274,0,2523,8826,12092
0,5364,0,2695,9181,12110
0,5147,0,2792,9048,11810
0,5059,0,2279,8938,12462
0,4916,0,2181,9145,12469
0,4882,0,2967,9024,12508
0,4922,0,2172,9137,12508
0,4976,0,2666,8804,12091
0,5152,0,2645,8954,12114
0,5647,0,2801,8896,12081
0,5489,0,2445,9377,12195
0,5183,0,2704,8936,12039
0,5085,0,2613,8783,12053
0,4632,0,2549,9343,12185
0,5010,0,2613,9059,11993
0,5184,0,2467,8896,12233
0,5135,0,2389,9005,12785
0,4931,0,2321,9017,12352
0,5640,0,2632,9237,11951
0,5360,0,2371,9470,12372
0,5048,0,2398,8719,12405
0,5088,0,2388,9381,12368
0,5127,0,2180,9004,12550
0,5017,0,2281,9040,12475
0,4941,0,3573,9031,12438
0,5136,0,2404,9234,12376
0,5098,0,2422,9459,12248
0,5312,0,2880,9096,12202
0,5128,0,2499,9354,12171
0,5248,0,2516,9287,12092
0,5717,0,2579,9231,12215
0,5156,0,2617,9630,12144
0,4941,0,2483,8765,12393
0,4912,0,3337,9082,12497
0,4791,0,2481,8907,12235
0,4856,0,2264,9095,12347
0,4815,0,2683,8790,12278
0,5104,0,2526,8836,12347
0,4912,0,2693,8738,12117
0,5098,0,1696,8885,12468
0,5224,0,2640,9421,12148
0,4849,0,2562,8879,12097
0,5213,0,2520,9180,12154
0,5291,0,2752,9202,12317
0,5745,0,2617,9260,12231
0,5037,0,2707,9827,12974
0,5096,0,2775,9238,11920
0,5083,0,2416,9172,12272
0,5198,0,2481,9116,12136
0,5179,0,2814,9048,12068
0,5304,0,2858,9250,12176
0,5037,0,2481,9331,12260
0,4987,0,2237,9057,12409
0,4241,0,2684,9020,11141
0,5026,0,2580,9288,12293
0,5029,0,2441,9895,12133
0,5088,0,2628,9079,11034
0,4776,0,2396,9058,12506
0,5245,0,2680,9265,12202
0,4826,0,2250,8990,12512
0,5167,0,2789,9098,11978
0,4857,0,2348,9115,12336
0,5524,0,1769,9202,12313
0,5525,0,2700,9143,11974
0,5337,0,2540,9216,12240
0,5418,0,2810,9080,12787
0,5443,0,2741,9282,12932
0,5270,0,2746,9180,12197
0,4900,0,2749,8904,12549
0,4951,0,2300,9165,12334
0,4799,0,2710,9276,12475
0,4912,0,2812,9232,11814
0,4956,0,2728,9240,12145
0,5214,0,2540,9365,12176
0,5177,0,2531,8816,12238
0,4579,0,2376,9090,12454
0,4932,0,2661,8945,12161
0,5130,0,2640,8840,12433
0,4429,0,2276,9065,12072
0,4781,0,2303,9204,12416
0,4968,0,2455,9084,12353
0,5048,0,2742,9456,11955
0,4981,0,2443,9078,12027
0,5140,0,2909,9275,12483
0,5242,0,2592,9117,12335
0,4756,0,2427,9135,12250
0,5231,0,1791,8481,12057
0,5429,0,2776,9024,11929
0,5248,0,2833,9380,12048
0,5101,0,2008,9245,12419
0,4188,0,2317,9101,12197
0,4641,0,2384,8991,12139
0,5106,0,2753,9085,12182
0,4743,0,2584,8904,12048
0,5170,0,2239,9412,12310
0,4863,0,2653,9280,12038
0,4874,0,2578,8872,12163
0,4880,0,2598,8843,12168
0,4905,0,2698,8934,12084
0,5069,0,2330,8612,12481
0,4868,0,2392,9216,12328
0,5191,0,2368,9298,12732
0,4896,0,2681,9032,12031
0,4441,0,2813,8994,12501
0,4956,0,2386,9508,12293
0,5070,0,2594,9343,12041
0,5067,0,2216,8880,12039
0,4858,0,1898,9332,12404
0,4582,0,2594,8906,12178
0,4699,0,2573,9840,12070
0,4624,0,2281,9162,12374
0,5040,0,2854,9141,12133
0,5006,0,2800,10085,12242
0,4888,0,2830,9181,11976
0,4776,0,2739,9888,12119
0,4281,0,2374,9088,12311
0,4532,0,2367,9036,12337
0,4859,0,2888,9130,12852
0,4674,0,2421,8992,11756
0,5984,0,2621,8891,12204
0,5238,0,2556,9145,12428
0,5184,0,2441,9376,12216
0,4946,0,2498,9856,12141
0,5219,0,2786,9140,11952
0,4790,0,2525,8969,11902
0,3860,0,2201,9044,12040
0,5128,0,2840,9284,11978
0,4706,0,2283,9229,12265
0,4920,0,2555,9269,12307
0,5206,0,2610,9376,12209
0,4819,0,2475,9466,9992
0,4617,0,2356,9210,12320
0,4688,0,2487,9116,12288
0,4829,0,2733,8935,12082
0,4711,0,2348,9124,11276
0,4939,0,2889,9109,11923
0,4890,0,2603,9369,12324
0,5036,0,2686,8972,11668
0,4791,0,2506,8850,12347
0,5197,0,2534,9381,12295
0,4776,0,2308,9172,12342
0,5165,0,2654,9232,12252
0,4714,0,3008,9200,11775
0,5094,0,2609,9364,12232
0,4931,0,2592,9118,12200
0,4770,0,2575,9004,12256
0,5164,0,2624,9404,11874
0,4999,0,2503,8827,12117
0,5026,0,2855,9113,12139
0,4889,0,2602,8838,12144
0,4939,0,1961,9356,11795
0,4738,0,2534,8827,12118
0,4610,0,2268,9125,12326
0,4893,0,2661,8999,12308
0,4776,0,2777,8984,11863
0,4812,0,2689,9031,12125
0,4720,0,2670,8549,12017
0,4836,0,2604,9121,9680
0,4842,0,2776,9201,12517
0,4612,0,2674,9260,12010
0,4684,0,2464,8801,12097
0,4777,0,2788,9128,11993
0,4618,0,2565,8828,12543
0,4740,0,2559,8996,12320
0,4644,0,2426,9056,12390
0,4521,0,2402,9092,12471
0,5272,0,2656,9980,12127
0,5275,0,2567,9047,12210
0,5184,0,2712,9281,12224
0,4560,0,2412,9167,12335
0,4824,0,2423,9081,12312
0,5116,0,3039,9129,12142
0,5840,0,2753,8875,11992
0,4996,0,2839,9110,11923
0,5033,0,2455,9437,12188
0,4323,0,2101,8965,12460
0,4843,0,2615,9005,11891
0,4808,0,2459,9394,12273
0,4812,0,2594,9221,12224
0,4587,0,3392,9112,12470
0,4376,0,2348,9176,12239
0,4805,0,2599,9632,12208
0,4405,0,2692,9087,11917
0,5399,0,2121,9485,12297
0,4800,0,2424,8973,12283
0,4990,0,2663,9081,12002
0,4736,0,2368,9017,12372
0,4820,0,2544,9327,12277
0,5058,0,2582,9301,12170
0,5189,0,1981,8985,12096
0,4956,0,2600,9147,12356
0,4949,0,2725,9144,11910
0,4896,0,2145,9164,12147
0,4827,0,2063,9248,12418
0,5103,0,2449,9337,12159
0,4652,0,2376,9125,12487
0,4754,0,1800,9611,11365
0,5692,0,2749,9226,12239
0,4966,0,2091,9123,12291
0,4597,0,2643,9082,11878
0,4827,0,2382,9478,12245
0,5106,0,2497,9269,12346
0,5472,0,2556,8809,12442
0,5296,0,2170,9317,12247
0,5142,0,2589,9236,12153
0,5221,0,2692,9270,11844
0,5195,0,2596,9308,12208
0,5000,0,2693,8835,12204
0,4896,0,2545,9579,12135
0,5077,0,2822,8929,12140
0,5074,0,2570,9314,12094
0,5403,0,2251,9422,12244
0,5272,0,2519,9141,12377
0,5366,0,2640,9154,12261
0,5112,0,2496,9727,12088
0,4978,0,2458,9066,12340
0,4937,0,2566,8055,13039
0,5197,0,2500,9297,12259
0,4660,0,2652,9233,12392
0,4836,0,2345,9307,12356
0,4608,0,2896,9173,13056
0,4757,0,2918,8886,12473
0,4738,0,2600,8896,12100
0,4598,0,2473,8956,12164
0,4876,0,2610,8898,12332
0,4800,0,2804,8797,12213
0,5024,0,2560,9352,12087
0,4898,0,2824,9215,12939
0,4772,0,2489,9123,12320
0,5073,0,2735,9125,12208
0,5057,0,2985,9212,12145
0,4573,0,2617,8920,12165
0,5077,0,2701,9172,13195
0,4972,0,2510,9417,12352
0,4721,0,2262,8944,12393
0,5540,0,2713,9101,13077
0,4779,0,2674,8832,12011
0,4868,0,2593,9101,12496
0,4768,0,3352,8977,12502
0,5062,0,2664,8951,12113
0,4945,0,2668,9108,12005
0,4943,0,2534,8141,11616
0,4973,0,2547,9147,11968
0,4687,0,3264,8911,12495
0,4909,0,2633,9095,12024
0,5504,0,2522,8776,12149
0,5460,0,2570,9468,12338
0,5002,0,2392,9937,12111
0,5327,0,2561,8913,12170
0,5637,0,2447,8654,12205
0,4974,0,2432,9016,12536
0,5267,0,2690,9332,12182
0,4804,0,2537,9723,12133
0,4587,0,2908,8811,12400
0,4803,0,2664,9044,11997
0,5220,0,2723,9386,12235
0,5113,0,2884,9221,12149
0,4951,0,2778,9042,12155
0,4870,0,3035,8918,12576
0,4713,0,2101,9080,12365
0,4914,0,2454,8799,12072
0,4644,0,2432,8645,12494
0,4519,0,2689,8937,12127
0,5097,0,2769,9025,12038
0,4709,0,2425,9136,12309
0,4836,0,2536,8952,12302
0,4889,0,2641,9093,11993
0,4904,0,2560,8936,12294
0,5015,0,2783,9194,12063
0,4773,0,2284,9066,12472
0,5108,0,2663,9237,12137
0,5277,0,2302,8904,12441
0,4712,0,1830,9177,12402
0,5310,0,2170,8980,12261
0,4688,0,2890,8955,12221
0,4160,0,2453,8744,12086
0,4933,0,2672,9126,12035
0,4960,0,2489,9507,12421
0,4914,0,2465,8710,12262
0,4851,0,2099,9127,12560
0,4936,0,2384,9010,12435
0,4757,0,2308,9017,12601
0,4677,0,2732,8942,12113
0,4725,0,2752,9085,12592
0,5108,0,2888,9086,12191
0,5066,0,2372,9086,12228
0,5488,0,2677,9111,11936
0,5188,0,2097,9329,11947
0,5194,0,2422,8884,12132
0,4007,0,2250,8545,12538
0,5264,0,2452,8974,12161
0,4902,0,2720,8943,12581
0,4886,0,2348,9136,12515
0,4981,0,2781,9098,12684
0,5258,0,2820,8988,12356
0,4843,0,2651,8864,12323
0,5040,0,2925,9213,11909
0,5016,0,2363,9040,12376
0,5022,0,2535,9682,12325
0,4636,0,2632,9033,11984
0,4681,0,2216,9017,12321
0,4759,0,2196,9119,12418
0,5056,0,2308,9131,12345
0,4917,0,2464,9099,12384
0,4894,0,1996,9473,12297
0,4973,0,2711,9196,11934
0,5051,0,2804,9166,11822
0,5104,0,2107,9125,12532
0,4812,0,2457,8586,12312
0,5374,0,2638,9317,12192
0,5487,0,2291,9238,12147
0,4832,0,2495,8771,12292
0,5216,0,2852,9108,12064
0,3650,0,2466,8996,12251
0,5151,0,2407,9239,12034
0,5124,0,2867,9028,11904
0,4887,0,2395,9112,12509
0,4982,0,2369,9162,12331
0,4735,0,2394,9101,12376
0,5036,0,2572,9036,12063
0,4892,0,2668,9830,12037
0,4873,0,2603,8632,12186
0,5068,0,2783,9065,11935
0,4881,0,2656,8895,12234
0,5060,0,2090,9450,12261
0,4817,0,2412,9200,12457
0,5012,0,2370,9386,12404
0,4896,0,2700,9000,11972
0,4426,0,2568,8777,12164
0,5034,0,2024,9526,12405
0,5932,0,2482,8512,12221
0,4995,0,2600,9318,12316
0,5510,0,2497,9288,12111
0,4856,0,2506,8994,12079
0,4968,0,2522,9288,12226
0,5040,0,2891,9088,12543
0,4654,0,2285,8516,12352
0,4907,0,2448,9056,12356
0,4780,0,2306,9064,12572
0,5031,0,2611,8737,12188
0,4927,0,2635,9282,12134
0,4685,0,2599,9741,12034
0,5082,0,2503,9327,12116
0,4846,0,2484,9391,12169
0,4971,0,2606,8989,12061
0,4653,0,2455,9284,12080
0,4665,0,2336,8697,12434
0,5053,0,2549,9332,12101
0,4945,0,2825,9091,12044
0,4852,0,2630,8761,11644
0,5128,0,2432,9385,12188
0,4136,0,3038,8988,11586
0,5017,0,2179,9088,12535
0,5245,0,2800,9249,12122
0,5430,0,2576,8962,12145
0,5117,0,2016,9195,12463
0,4440,0,2616,9033,12048
0,4763,0,2782,9053,11969
0,5426,0,2662,8840,12059
0,4984,0,2608,9152,11895
0,5697,0,2532,8929,12324
0,4713,0,2382,8975,12200
0,5500,0,2627,9228,12213
0,5200,0,2672,9093,12269
0,4804,0,2507,9057,12422
0,4964,0,2474,9616,12218
0,4863,0,2668,10167,12285
0,5142,0,2536,9285,12227
0,4593,0,2473,8929,12480
0,5024,0,2612,9355,12200
0,4755,0,2288,9212,12385
0,5000,0,2619,8916,12394
0,4888,0,2599,8601,12066
0,4754,0,2306,9096,12489
0,4828,0,2719,9106,12045
0,4664,0,2972,8959,12402
0,5078,0,2275,9040,12421
0,4945,0,2679,9053,11976
0,5118,0,2578,8460,12217
0,5192,0,2633,8898,12114
0,5107,0,2856,9129,11574
0,5244,0,2745,9179,12128
0,5185,0,1933,9463,12340
0,5046,0,2459,9360,12222
0,5036,0,2497,9354,11948
0,5040,0,2745,9041,11986
0,5093,0,1938,9008,12452
0,4913,0,2786,9140,12035
0,5275,0,2628,9262,12209
0,5006,0,2780,9039,11972
0,3957,0,2444,9218,11816
0,5128,0,2312,9380,12333
0,4842,0,2536,8904,12494
0,4943,0,2708,8952,12179
0,5171,0,3021,9285,12221
0,5017,0,2515,9284,12227
0,5084,0,2844,9152,12186
0,4842,0,1487,9143,12493
0,4794,0,2354,9180,12285
0,4694,0,2450,8904,12125
0,5771,0,2624,8946,13256
0,5157,0,2849,9254,11936
0,4916,0,2948,9148,11986
0,5072,0,2640,8875,12224
0,4851,0,2754,9002,11832
0,4712,0,3477,9013,12422
0,5133,0,2384,9348,12040
0,5115,0,2821,9197,12098
0,5748,0,2381,8906,12281
0,5020,0,2766,9119,11925
0,4889,0,2397,9098,12287
0,4836,0,2234,8139,12396
0,5179,0,2433,8952,12028
0,4870,0,1737,9016,12281
0,4425,0,2272,9053,12377
0,4849,0,1937,8546,11954
0,5102,0,2696,8802,11803
0,5213,0,2799,9120,11881
0,5040,0,2442,9090,12365
0,5005,0,2436,9409,12283
0,5211,0,2779,9256,12208
0,4749,0,2196,9101,12464
0,4860,0,2745,8836,11920
0,4822,0,2387,8983,12338
0,5037,0,2584,9740,12168
0,4852,0,2304,9200,12440
0,4712,0,2574,9016,12104
0,4821,0,2366,9192,12433
0,4963,0,2180,9236,12302
0,5007,0,2520,9493,12262
0,5121,0,1898,9246,12406
0,5119,0,2789,9259,11987
0,4939,0,2609,9584,11835
0,4980,0,2635,9389,12183
0,5763,0,2408,8935,11474
0,4716,0,2662,9100,12471
0,5437,0,2540,8714,12183
0,5151,1576,2674,9218,12153
0,4790,0,2609,9223,12190
0,5149,0,2868,9364,12085
0,5155,0,2733,8928,12120
0,5582,0,2539,9327,12336
0,5249,0,2738,9219,11969
0,5562,0,2608,9359,12194
0,5050,0,2903,9112,12525
0,4552,0,5312,9352,12071
0,4873,0,2388,9100,12177
0,5054,0,2708,8982,12017
0,5233,0,2609,9237,12224
0,5322,0,2479,8802,12196
0,5184,0,2693,9183,11320
0,5488,0,2336,9219,12168
0,5057,0,2448,9040,12009
0,5237,0,2725,8898,12624
0,5327,0,2765,9127,12300
0,4551,0,2486,9141,12044
0,4840,0,3200,9102,12631
0,5291,0,2850,9281,12298
0,4898,0,2483,9323,12313
0,5078,0,2733,9307,11880
0,5023,0,2375,9037,12538
0,4934,0,2835,9078,12400
0,4950,0,2659,8867,12148
0,4734,0,2515,8771,12300
0,4839,0,2833,9138,12209
0,5059,0,2796,9225,11959
0,4817,0,2514,8884,12324
0,5172,0,2721,9068,11959
0,5173,0,2550,9350,12100
0,5916,0,2546,9140,12192
0,5210,0,2705,9001,12138
0,4800,0,2665,8949,12043
0,4984,0,2641,8872,12277
0,5014,0,2555,8932,12270
0,4954,751,2616,9244,12087
0,4983,0,2632,8908,12253
0,4991,0,2389,9488,12321
0,4985,0,2569,9139,11990
0,5443,0,2260,9015,12472
0,5329,0,2578,9401,13199
0,5146,0,2800,8895,11802
0,5066,0,2732,9238,12547
0,5441,0,2316,9181,11918
0,5011,0,2921,9418,12841
0,5178,0,2541,9252,12463
0,4984,0,2546,8798,12173
0,5056,0,2597,8808,12241
0,5237,0,2712,9138,12032
0,5320,0,2805,9315,12273
0,5141,0,2412,9207,12346
0,5090,0,2672,9399,12145
0,5144,0,3321,9295,12107
0,4914,0,3354,8683,12539
0,5383,0,2497,8962,11905
0,5027,0,2359,9075,12544
0,5227,0,2604,9345,12007
0,4790,0,2469,8863,11590
0,4892,0,2647,8808,12154
0,4938,0,2602,9327,11892
0,5200,0,2870,9064,12308
0,4447,0,2566,9007,11941
0,5079,0,2747,9084,12190
0,4981,0,2378,9321,12334
0,5107,0,2887,9203,12028
0,4877,0,2974,8872,12618
0,5208,0,2592,9370,12070
0,5120,0,2673,9107,11970
0,4900,0,2533,8913,12257
0,5229,0,2446,8512,12198
0,5237,0,2353,9261,12062
0,4954,0,2689,8703,12036
0,4932,0,2290,9478,12196
0,4847,0,2194,8848,12096
0,4691,0,2778,8988,12431
0,4892,0,2598,8826,12209
0,4688,0,2612,9129,12408
0,5029,0,2555,9185,12274
0,4711,0,2374,8904,12314
0,5096,0,2766,9160,12153
0,5011,0,2527,9225,11858
0,4673,0,2489,8868,12532
0,4996,0,2587,9355,12312
0,5272,0,2468,9370,12270
0,5091,0,2805,9108,12660
0,4955,0,2441,9356,12417
0,5224,0,2539,9223,12223
0,4649,0,2548,9438,12388
0,4714,0,2397,8881,12266
0,5448,0,2617,9043,12021
0,5349,0,2375,9273,12381
0,5119,0,2361,9891,12163
0,4796,0,2583,8905,12188
0,5672,0,2439,8914,12278
0,5473,0,2624,8866,12208
0,4508,0,3520,9017,12356
0,4940,0,2687,9068,12056
0,4928,0,2438,9021,12353
0,5139,0,2832,9252,12953
0,5015,0,2560,8982,12532
0,5221,0,2531,9253,12081
0,5187,0,2293,9228,11984
0,5110,0,2521,9372,12304
0,4902,0,3069,9040,12176
0,5257,0,2730,9251,12152
0,4897,0,2304,9112,12444
